test_id,workspace,persona,preconditions,route,control_id,action,expected,evidence_required,side_effect_class,cleanup,automation_layer,status,defect_ref,approval_ref
CTRL.CENSUS.0001,STG_DISPOSABLE,owner_jose,Authenticated workspace; seeded state matching the control,/account,src/app/account/page.tsx:30:Link:1,Exercise Link and verify its documented behavior,Expected state transition occurs once; rendered and persisted data retain the selected website provenance,trace+network+database+cleanup,2,Restore disposable fixture,integration+e2e,NOT RUN,,
CTRL.CENSUS.0002,STG_DISPOSABLE,owner_jose,Authenticated workspace; seeded state matching the control,/account,src/app/account/page.tsx:30:Link:2,Exercise Link and verify its documented behavior,Expected state transition occurs once; rendered and persisted data retain the selected website provenance,trace+network+database+cleanup,2,Restore disposable fixture,integration+e2e,NOT RUN,,
CTRL.CENSUS.0003,SF_PROD,owner_jose,Authenticated workspace; seeded state matching the control,/account/password,src/app/account/password/page.tsx:15:Link:1,Exercise Link and verify its documented behavior,Expected state transition occurs once; rendered and persisted data retain the selected website provenance,trace+screenshot+network,0,none,e2e,NOT RUN,,
CTRL.CENSUS.0004,STG_DISPOSABLE,owner_jose,Authenticated workspace; seeded state matching the control,/account/password,src/app/account/password/page.tsx:19:Link:1,Exercise Link and verify its documented behavior,Expected state transition occurs once; rendered and persisted data retain the selected website provenance,trace+network+database+cleanup,1,Restore disposable fixture,integration+e2e,NOT RUN,,
CTRL.CENSUS.0005,SF_PROD,owner_jose,Authenticated workspace; seeded state matching the control,/account/password,src/app/account/password/page.tsx:21:Link:1,Exercise Link and verify its documented behavior,Expected state transition occurs once; rendered and persisted data retain the selected website provenance,trace+screenshot+network,0,none,e2e,NOT RUN,,
CTRL.CENSUS.0006,STG_DISPOSABLE,owner_jose,Authenticated workspace; seeded state matching the control,/api/account/ranking-emails,src/app/api/account/ranking-emails/route.ts:16:data-mutation:1,Exercise data-mutation and verify its documented behavior,Expected state transition occurs once; rendered and persisted data retain the selected website provenance,trace+network+database+cleanup,1,Restore disposable fixture,integration+e2e,NOT RUN,,
CTRL.CENSUS.0007,STG_DISPOSABLE,owner_jose,Authenticated workspace; seeded state matching the control,/api/account,src/app/api/account/route.ts:34:data-mutation:1,Exercise data-mutation and verify its documented behavior,Expected state transition occurs once; rendered and persisted data retain the selected website provenance,trace+network+database+cleanup,1,Restore disposable fixture,integration+e2e,NOT RUN,,
CTRL.CENSUS.0008,STG_DISPOSABLE,owner_jose,Authenticated workspace; seeded state matching the control,/api/account,src/app/api/account/route.ts:47:data-mutation:1,Exercise data-mutation and verify its documented behavior,Expected state transition occurs once; rendered and persisted data retain the selected website provenance,trace+network+database+cleanup,1,Restore disposable fixture,integration+e2e,NOT RUN,,
CTRL.CENSUS.0009,STG_DISPOSABLE,owner_jose,Authenticated workspace; seeded state matching the control,/api/content/infographic/document,src/app/api/content/infographic/document/route.ts:31:a:1,Exercise a and verify its documented behavior,Expected state transition occurs once; rendered and persisted data retain the selected website provenance,trace+network+database+cleanup,3,Restore disposable fixture,integration+e2e,NOT RUN,,
CTRL.CENSUS.0010,STG_DISPOSABLE,owner_jose,Authenticated workspace; seeded state matching the control,/api/content/publishing-plan/reconcile,src/app/api/content/publishing-plan/reconcile/route.ts:52:data-mutation:1,Exercise data-mutation and verify its documented behavior,Expected state transition occurs once; rendered and persisted data retain the selected website provenance,trace+network+database+cleanup,3,Restore disposable fixture,integration+e2e,NOT RUN,,
CTRL.CENSUS.0011,STG_DISPOSABLE,owner_jose,Authenticated workspace; seeded state matching the control,/api/content/publishing-plan,src/app/api/content/publishing-plan/route.ts:154:data-mutation:1,Exercise data-mutation and verify its documented behavior,Expected state transition occurs once; rendered and persisted data retain the selected website provenance,trace+network+database+cleanup,3,Restore disposable fixture,integration+e2e,NOT RUN,,
CTRL.CENSUS.0012,STG_DISPOSABLE,owner_jose,Authenticated workspace; seeded state matching the control,/api/content/publishing-plan,src/app/api/content/publishing-plan/route.ts:181:data-mutation:1,Exercise data-mutation and verify its documented behavior,Expected state transition occurs once; rendered and persisted data retain the selected website provenance,trace+network+database+cleanup,3,Restore disposable fixture,integration+e2e,NOT RUN,,
CTRL.CENSUS.0013,STG_DISPOSABLE,owner_jose,Authenticated workspace; seeded state matching the control,/api/content/publishing-plan/run,src/app/api/content/publishing-plan/run/route.ts:44:data-mutation:1,Exercise data-mutation and verify its documented behavior,Expected state transition occurs once; rendered and persisted data retain the selected website provenance,trace+network+database+cleanup,3,Restore disposable fixture,integration+e2e,NOT RUN,,
CTRL.CENSUS.0014,STG_DISPOSABLE,owner_jose,Authenticated workspace; seeded state matching the control,/api/content/publishing-plan/run,src/app/api/content/publishing-plan/run/route.ts:50:data-mutation:1,Exercise data-mutation and verify its documented behavior,Expected state transition occurs once; rendered and persisted data retain the selected website provenance,trace+network+database+cleanup,3,Restore disposable fixture,integration+e2e,NOT RUN,,
CTRL.CENSUS.0015,STG_DISPOSABLE,owner_jose,Authenticated workspace; seeded state matching the control,/api/content/publishing-plan/run,src/app/api/content/publishing-plan/run/route.ts:59:data-mutation:1,Exercise data-mutation and verify its documented behavior,Expected state transition occurs once; rendered and persisted data retain the selected website provenance,trace+network+database+cleanup,3,Restore disposable fixture,integration+e2e,NOT RUN,,
CTRL.CENSUS.0016,STG_DISPOSABLE,owner_jose,Authenticated workspace; seeded state matching the control,/api/content/publishing-plan/run,src/app/api/content/publishing-plan/run/route.ts:71:data-mutation:1,Exercise data-mutation and verify its documented behavior,Expected state transition occurs once; rendered and persisted data retain the selected website provenance,trace+network+database+cleanup,3,Restore disposable fixture,integration+e2e,NOT RUN,,
CTRL.CENSUS.0017,STG_DISPOSABLE,owner_jose,Authenticated workspace; seeded state matching the control,/api/content/publishing-plan/run,src/app/api/content/publishing-plan/run/route.ts:75:data-mutation:1,Exercise data-mutation and verify its documented behavior,Expected state transition occurs once; rendered and persisted data retain the selected website provenance,trace+network+database+cleanup,3,Restore disposable fixture,integration+e2e,NOT RUN,,
CTRL.CENSUS.0018,STG_DISPOSABLE,owner_jose,Authenticated workspace; seeded state matching the control,/api/content/repurpose/generate,src/app/api/content/repurpose/generate/route.ts:207:data-mutation:1,Exercise data-mutation and verify its documented behavior,Expected state transition occurs once; rendered and persisted data retain the selected website provenance,trace+network+database+cleanup,1,Restore disposable fixture,integration+e2e,NOT RUN,,
CTRL.CENSUS.0019,STG_DISPOSABLE,owner_jose,Authenticated workspace; seeded state matching the control,/api/content/repurpose/generate,src/app/api/content/repurpose/generate/route.ts:244:data-mutation:1,Exercise data-mutation and verify its documented behavior,Expected state transition occurs once; rendered and persisted data retain the selected website provenance,trace+network+database+cleanup,1,Restore disposable fixture,integration+e2e,NOT RUN,,
CTRL.CENSUS.0020,STG_DISPOSABLE,owner_jose,Authenticated workspace; seeded state matching the control,/api/content/repurpose/generate,src/app/api/content/repurpose/generate/route.ts:311:data-mutation:1,Exercise data-mutation and verify its documented behavior,Expected state transition occurs once; rendered and persisted data retain the selected website provenance,trace+network+database+cleanup,1,Restore disposable fixture,integration+e2e,NOT RUN,,
CTRL.CENSUS.0021,STG_DISPOSABLE,owner_jose,Authenticated workspace; seeded state matching the control,/api/content/repurpose/generate,src/app/api/content/repurpose/generate/route.ts:331:data-mutation:1,Exercise data-mutation and verify its documented behavior,Expected state transition occurs once; rendered and persisted data retain the selected website provenance,trace+network+database+cleanup,1,Restore disposable fixture,integration+e2e,NOT RUN,,
CTRL.CENSUS.0022,STG_DISPOSABLE,owner_jose,Authenticated workspace; seeded state matching the control,/api/content/repurpose/generate,src/app/api/content/repurpose/generate/route.ts:348:data-mutation:1,Exercise data-mutation and verify its documented behavior,Expected state transition occurs once; rendered and persisted data retain the selected website provenance,trace+network+database+cleanup,1,Restore disposable fixture,integration+e2e,NOT RUN,,
CTRL.CENSUS.0023,STG_DISPOSABLE,owner_jose,Authenticated workspace; seeded state matching the control,/api/content/repurpose/generate,src/app/api/content/repurpose/generate/route.ts:366:data-mutation:1,Exercise data-mutation and verify its documented behavior,Expected state transition occurs once; rendered and persisted data retain the selected website provenance,trace+network+database+cleanup,1,Restore disposable fixture,integration+e2e,NOT RUN,,
CTRL.CENSUS.0024,STG_DISPOSABLE,owner_jose,Authenticated workspace; seeded state matching the control,/api/content/repurpose/generate,src/app/api/content/repurpose/generate/route.ts:384:data-mutation:1,Exercise data-mutation and verify its documented behavior,Expected state transition occurs once; rendered and persisted data retain the selected website provenance,trace+network+database+cleanup,1,Restore disposable fixture,integration+e2e,NOT RUN,,
CTRL.CENSUS.0025,STG_DISPOSABLE,owner_jose,Authenticated workspace; seeded state matching the control,/api/content/repurpose/generate,src/app/api/content/repurpose/generate/route.ts:406:data-mutation:1,Exercise data-mutation and verify its documented behavior,Expected state transition occurs once; rendered and persisted data retain the selected website provenance,trace+network+database+cleanup,1,Restore disposable fixture,integration+e2e,NOT RUN,,
CTRL.CENSUS.0026,STG_DISPOSABLE,owner_jose,Authenticated workspace; seeded state matching the control,/api/content/repurpose/sources,src/app/api/content/repurpose/sources/route.ts:253:data-mutation:1,Exercise data-mutation and verify its documented behavior,Expected state transition occurs once; rendered and persisted data retain the selected website provenance,trace+network+database+cleanup,1,Restore disposable fixture,integration+e2e,NOT RUN,,
CTRL.CENSUS.0027,STG_DISPOSABLE,owner_jose,Authenticated workspace; seeded state matching the control,/api/content/repurpose/sources,src/app/api/content/repurpose/sources/route.ts:411:data-mutation:1,Exercise data-mutation and verify its documented behavior,Expected state transition occurs once; rendered and persisted data retain the selected website provenance,trace+network+database+cleanup,1,Restore disposable fixture,integration+e2e,NOT RUN,,
CTRL.CENSUS.0028,STG_DISPOSABLE,owner_jose,Authenticated workspace; seeded state matching the control,/api/directory-profiles/check,src/app/api/directory-profiles/check/route.ts:23:data-mutation:1,Exercise data-mutation and verify its documented behavior,Expected state transition occurs once; rendered and persisted data retain the selected website provenance,trace+network+database+cleanup,1,Restore disposable fixture,integration+e2e,NOT RUN,,
CTRL.CENSUS.0029,STG_DISPOSABLE,owner_jose,Authenticated workspace; seeded state matching the control,/api/founder-why,src/app/api/founder-why/route.ts:16:data-mutation:1,Exercise data-mutation and verify its documented behavior,Expected state transition occurs once; rendered and persisted data retain the selected website provenance,trace+network+database+cleanup,1,Restore disposable fixture,integration+e2e,NOT RUN,,
CTRL.CENSUS.0030,STG_DISPOSABLE,owner_jose,Authenticated workspace; seeded state matching the control,/api/integrations/cms/wordpress/draft,src/app/api/integrations/cms/wordpress/draft/route.ts:51:data-mutation:1,Exercise data-mutation and verify its documented behavior,Expected state transition occurs once; rendered and persisted data retain the selected website provenance,trace+network+database+cleanup,3,Restore disposable fixture,integration+e2e,NOT RUN,,
CTRL.CENSUS.0031,STG_DISPOSABLE,owner_jose,Authenticated workspace; seeded state matching the control,/api/interlinks/opportunities/[id],src/app/api/interlinks/opportunities/[id]/route.ts:26:data-mutation:1,Exercise data-mutation and verify its documented behavior,Expected state transition occurs once; rendered and persisted data retain the selected website provenance,trace+network+database+cleanup,1,Restore disposable fixture,integration+e2e,NOT RUN,,
CTRL.CENSUS.0032,STG_DISPOSABLE,owner_jose,Authenticated workspace; seeded state matching the control,/api/interlinks/opportunities/[id]/verify,src/app/api/interlinks/opportunities/[id]/verify/route.ts:34:data-mutation:1,Exercise data-mutation and verify its documented behavior,Expected state transition occurs once; rendered and persisted data retain the selected website provenance,trace+network+database+cleanup,1,Restore disposable fixture,integration+e2e,NOT RUN,,
CTRL.CENSUS.0033,STG_DISPOSABLE,owner_jose,Authenticated workspace; seeded state matching the control,/api/interlinks/runs,src/app/api/interlinks/runs/route.ts:92:data-mutation:1,Exercise data-mutation and verify its documented behavior,Expected state transition occurs once; rendered and persisted data retain the selected website provenance,trace+network+database+cleanup,1,Restore disposable fixture,integration+e2e,NOT RUN,,
CTRL.CENSUS.0034,STG_DISPOSABLE,owner_jose,Authenticated workspace; seeded state matching the control,/api/interviews/[id]/answers,src/app/api/interviews/[id]/answers/route.ts:25:data-mutation:1,Exercise data-mutation and verify its documented behavior,Expected state transition occurs once; rendered and persisted data retain the selected website provenance,trace+network+database+cleanup,1,Restore disposable fixture,integration+e2e,NOT RUN,,
CTRL.CENSUS.0035,STG_DISPOSABLE,owner_jose,Authenticated workspace; seeded state matching the control,/api/interviews/[id]/answers,src/app/api/interviews/[id]/answers/route.ts:30:data-mutation:1,Exercise data-mutation and verify its documented behavior,Expected state transition occurs once; rendered and persisted data retain the selected website provenance,trace+network+database+cleanup,1,Restore disposable fixture,integration+e2e,NOT RUN,,
CTRL.CENSUS.0036,STG_DISPOSABLE,owner_jose,Authenticated workspace; seeded state matching the control,/api/interviews/[id]/answers,src/app/api/interviews/[id]/answers/route.ts:42:data-mutation:1,Exercise data-mutation and verify its documented behavior,Expected state transition occurs once; rendered and persisted data retain the selected website provenance,trace+network+database+cleanup,1,Restore disposable fixture,integration+e2e,NOT RUN,,
CTRL.CENSUS.0037,STG_DISPOSABLE,owner_jose,Authenticated workspace; seeded state matching the control,/api/interviews/[id]/article,src/app/api/interviews/[id]/article/route.ts:35:data-mutation:1,Exercise data-mutation and verify its documented behavior,Expected state transition occurs once; rendered and persisted data retain the selected website provenance,trace+network+database+cleanup,2,Restore disposable fixture,integration+e2e,NOT RUN,,
CTRL.CENSUS.0038,STG_DISPOSABLE,owner_jose,Authenticated workspace; seeded state matching the control,/api/interviews/[id]/complete,src/app/api/interviews/[id]/complete/route.ts:31:data-mutation:1,Exercise data-mutation and verify its documented behavior,Expected state transition occurs once; rendered and persisted data retain the selected website provenance,trace+network+database+cleanup,1,Restore disposable fixture,integration+e2e,NOT RUN,,
CTRL.CENSUS.0039,STG_DISPOSABLE,owner_jose,Authenticated workspace; seeded state matching the control,/api/interviews/[id]/insights,src/app/api/interviews/[id]/insights/route.ts:18:data-mutation:1,Exercise data-mutation and verify its documented behavior,Expected state transition occurs once; rendered and persisted data retain the selected website provenance,trace+network+database+cleanup,1,Restore disposable fixture,integration+e2e,NOT RUN,,
CTRL.CENSUS.0040,STG_DISPOSABLE,owner_jose,Authenticated workspace; seeded state matching the control,/api/interviews,src/app/api/interviews/route.ts:58:data-mutation:1,Exercise data-mutation and verify its documented behavior,Expected state transition occurs once; rendered and persisted data retain the selected website provenance,trace+network+database+cleanup,1,Restore disposable fixture,integration+e2e,NOT RUN,,
CTRL.CENSUS.0041,STG_DISPOSABLE,owner_jose,Authenticated workspace; seeded state matching the control,/api/interviews,src/app/api/interviews/route.ts:72:data-mutation:1,Exercise data-mutation and verify its documented behavior,Expected state transition occurs once; rendered and persisted data retain the selected website provenance,trace+network+database+cleanup,1,Restore disposable fixture,integration+e2e,NOT RUN,,
CTRL.CENSUS.0042,SF_PROD,owner_jose,Authenticated workspace; seeded state matching the control,/api/interviews,src/app/api/interviews/route.ts:81:data-mutation:1,Exercise data-mutation and verify its documented behavior,Expected state transition occurs once; rendered and persisted data retain the selected website provenance,trace+screenshot+network,0,none,e2e,NOT RUN,,
CTRL.CENSUS.0043,STG_DISPOSABLE,owner_jose,Authenticated workspace; seeded state matching the control,/api/keywords/decisions,src/app/api/keywords/decisions/route.ts:55:data-mutation:1,Exercise data-mutation and verify its documented behavior,Expected state transition occurs once; rendered and persisted data retain the selected website provenance,trace+network+database+cleanup,1,Restore disposable fixture,integration+e2e,NOT RUN,,
CTRL.CENSUS.0044,STG_DISPOSABLE,owner_jose,Authenticated workspace; seeded state matching the control,/api/keywords/decisions,src/app/api/keywords/decisions/route.ts:60:data-mutation:1,Exercise data-mutation and verify its documented behavior,Expected state transition occurs once; rendered and persisted data retain the selected website provenance,trace+network+database+cleanup,1,Restore disposable fixture,integration+e2e,NOT RUN,,
CTRL.CENSUS.0045,STG_DISPOSABLE,owner_jose,Authenticated workspace; seeded state matching the control,/api/keywords/decisions,src/app/api/keywords/decisions/route.ts:143:data-mutation:1,Exercise data-mutation and verify its documented behavior,Expected state transition occurs once; rendered and persisted data retain the selected website provenance,trace+network+database+cleanup,2,Restore disposable fixture,integration+e2e,NOT RUN,,
CTRL.CENSUS.0046,STG_DISPOSABLE,owner_jose,Authenticated workspace; seeded state matching the control,/api/keywords/decisions,src/app/api/keywords/decisions/route.ts:151:data-mutation:1,Exercise data-mutation and verify its documented behavior,Expected state transition occurs once; rendered and persisted data retain the selected website provenance,trace+network+database+cleanup,1,Restore disposable fixture,integration+e2e,NOT RUN,,
CTRL.CENSUS.0047,STG_DISPOSABLE,owner_jose,Authenticated workspace; seeded state matching the control,/api/notifications,src/app/api/notifications/route.ts:58:data-mutation:1,Exercise data-mutation and verify its documented behavior,Expected state transition occurs once; rendered and persisted data retain the selected website provenance,trace+network+database+cleanup,1,Restore disposable fixture,integration+e2e,NOT RUN,,
CTRL.CENSUS.0048,STG_DISPOSABLE,owner_jose,Authenticated workspace; seeded state matching the control,/api/onboarding,src/app/api/onboarding/route.ts:53:data-mutation:1,Exercise data-mutation and verify its documented behavior,Expected state transition occurs once; rendered and persisted data retain the selected website provenance,trace+network+database+cleanup,1,Restore disposable fixture,integration+e2e,NOT RUN,,
CTRL.CENSUS.0049,SF_PROD,owner_jose,Authenticated workspace; seeded state matching the control,/api/onboarding,src/app/api/onboarding/route.ts:70:data-mutation:1,Exercise data-mutation and verify its documented behavior,Expected state transition occurs once; rendered and persisted data retain the selected website provenance,trace+screenshot+network,0,none,e2e,NOT RUN,,
CTRL.CENSUS.0050,STG_DISPOSABLE,owner_jose,Authenticated workspace; seeded state matching the control,/api/onboarding,src/app/api/onboarding/route.ts:95:data-mutation:1,Exercise data-mutation and verify its documented behavior,Expected state transition occurs once; rendered and persisted data retain the selected website provenance,trace+network+database+cleanup,1,Restore disposable fixture,integration+e2e,NOT RUN,,
CTRL.CENSUS.0051,STG_DISPOSABLE,owner_jose,Authenticated workspace; seeded state matching the control,/api/onboarding,src/app/api/onboarding/route.ts:96:data-mutation:1,Exercise data-mutation and verify its documented behavior,Expected state transition occurs once; rendered and persisted data retain the selected website provenance,trace+network+database+cleanup,1,Restore disposable fixture,integration+e2e,NOT RUN,,
CTRL.CENSUS.0052,STG_DISPOSABLE,owner_jose,Authenticated workspace; seeded state matching the control,/api/onboarding,src/app/api/onboarding/route.ts:101:data-mutation:1,Exercise data-mutation and verify its documented behavior,Expected state transition occurs once; rendered and persisted data retain the selected website provenance,trace+network+database+cleanup,1,Restore disposable fixture,integration+e2e,NOT RUN,,
CTRL.CENSUS.0053,STG_DISPOSABLE,owner_jose,Authenticated workspace; seeded state matching the control,/api/onboarding,src/app/api/onboarding/route.ts:104:data-mutation:1,Exercise data-mutation and verify its documented behavior,Expected state transition occurs once; rendered and persisted data retain the selected website provenance,trace+network+database+cleanup,1,Restore disposable fixture,integration+e2e,NOT RUN,,
CTRL.CENSUS.0054,STG_DISPOSABLE,owner_jose,Authenticated workspace; seeded state matching the control,/api/quests/[id],src/app/api/quests/[id]/route.ts:67:data-mutation:1,Exercise data-mutation and verify its documented behavior,Expected state transition occurs once; rendered and persisted data retain the selected website provenance,trace+network+database+cleanup,1,Restore disposable fixture,integration+e2e,NOT RUN,,
CTRL.CENSUS.0055,STG_DISPOSABLE,owner_jose,Authenticated workspace; seeded state matching the control,/api/quests/[id],src/app/api/quests/[id]/route.ts:100:data-mutation:1,Exercise data-mutation and verify its documented behavior,Expected state transition occurs once; rendered and persisted data retain the selected website provenance,trace+network+database+cleanup,1,Restore disposable fixture,integration+e2e,NOT RUN,,
CTRL.CENSUS.0056,STG_DISPOSABLE,owner_jose,Authenticated workspace; seeded state matching the control,/api/rank-tracker/keywords,src/app/api/rank-tracker/keywords/route.ts:55:data-mutation:1,Exercise data-mutation and verify its documented behavior,Expected state transition occurs once; rendered and persisted data retain the selected website provenance,trace+network+database+cleanup,1,Restore disposable fixture,integration+e2e,NOT RUN,,
CTRL.CENSUS.0057,STG_DISPOSABLE,owner_jose,Authenticated workspace; seeded state matching the control,/api/rank-tracker/keywords,src/app/api/rank-tracker/keywords/route.ts:62:data-mutation:1,Exercise data-mutation and verify its documented behavior,Expected state transition occurs once; rendered and persisted data retain the selected website provenance,trace+network+database+cleanup,1,Restore disposable fixture,integration+e2e,NOT RUN,,
CTRL.CENSUS.0058,STG_DISPOSABLE,owner_jose,Authenticated workspace; seeded state matching the control,/api/rank-tracker/keywords,src/app/api/rank-tracker/keywords/route.ts:93:data-mutation:1,Exercise data-mutation and verify its documented behavior,Expected state transition occurs once; rendered and persisted data retain the selected website provenance,trace+network+database+cleanup,1,Restore disposable fixture,integration+e2e,NOT RUN,,
CTRL.CENSUS.0059,STG_DISPOSABLE,owner_jose,Authenticated workspace; seeded state matching the control,/api/rank-tracker/lists,src/app/api/rank-tracker/lists/route.ts:16:data-mutation:1,Exercise data-mutation and verify its documented behavior,Expected state transition occurs once; rendered and persisted data retain the selected website provenance,trace+network+database+cleanup,1,Restore disposable fixture,integration+e2e,NOT RUN,,
CTRL.CENSUS.0060,STG_DISPOSABLE,owner_jose,Authenticated workspace; seeded state matching the control,/api/website-profile,src/app/api/website-profile/route.ts:25:data-mutation:1,Exercise data-mutation and verify its documented behavior,Expected state transition occurs once; rendered and persisted data retain the selected website provenance,trace+network+database+cleanup,1,Restore disposable fixture,integration+e2e,NOT RUN,,
CTRL.CENSUS.0061,SF_PROD,owner_jose,Authenticated workspace; seeded state matching the control,/api/websites/[id],src/app/api/websites/[id]/route.ts:38:data-mutation:1,Exercise data-mutation and verify its documented behavior,Expected state transition occurs once; rendered and persisted data retain the selected website provenance,trace+screenshot+network,0,none,e2e,NOT RUN,,
CTRL.CENSUS.0062,SF_PROD,owner_jose,Authenticated workspace; seeded state matching the control,/api/websites/[id],src/app/api/websites/[id]/route.ts:62:data-mutation:1,Exercise data-mutation and verify its documented behavior,Expected state transition occurs once; rendered and persisted data retain the selected website provenance,trace+screenshot+network,0,none,e2e,NOT RUN,,
CTRL.CENSUS.0063,SF_PROD,owner_jose,Authenticated workspace; seeded state matching the control,/audits/[id],src/app/audits/[id]/page.tsx:108:a:1,Exercise a and verify its documented behavior,Expected state transition occurs once; rendered and persisted data retain the selected website provenance,trace+screenshot+network,0,none,e2e,NOT RUN,,
CTRL.CENSUS.0064,STG_DISPOSABLE,owner_jose,Authenticated workspace; seeded state matching the control,/audits/[id],src/app/audits/[id]/page.tsx:116:Link:1,Exercise Link and verify its documented behavior,Expected state transition occurs once; rendered and persisted data retain the selected website provenance,trace+network+database+cleanup,2,Restore disposable fixture,integration+e2e,NOT RUN,,
CTRL.CENSUS.0065,STG_DISPOSABLE,owner_jose,Authenticated workspace; seeded state matching the control,/audits/[id],src/app/audits/[id]/page.tsx:116:Link:2,Exercise Link and verify its documented behavior,Expected state transition occurs once; rendered and persisted data retain the selected website provenance,trace+network+database+cleanup,2,Restore disposable fixture,integration+e2e,NOT RUN,,
CTRL.CENSUS.0066,STG_DISPOSABLE,owner_jose,Authenticated workspace; seeded state matching the control,/audits/[id],src/app/audits/[id]/page.tsx:120:Link:1,Exercise Link and verify its documented behavior,Expected state transition occurs once; rendered and persisted data retain the selected website provenance,trace+network+database+cleanup,1,Restore disposable fixture,integration+e2e,NOT RUN,,
CTRL.CENSUS.0067,SF_PROD,owner_jose,Authenticated workspace; seeded state matching the control,/audits/[id],src/app/audits/[id]/page.tsx:125:summary:1,Exercise summary and verify its documented behavior,Expected state transition occurs once; rendered and persisted data retain the selected website provenance,trace+screenshot+network,0,none,e2e,NOT RUN,,
CTRL.CENSUS.0068,STG_DISPOSABLE,owner_jose,Authenticated workspace; seeded state matching the control,/audits/[id],src/app/audits/[id]/page.tsx:136:Link:1,Exercise Link and verify its documented behavior,Expected state transition occurs once; rendered and persisted data retain the selected website provenance,trace+network+database+cleanup,1,Restore disposable fixture,integration+e2e,NOT RUN,,
CTRL.CENSUS.0069,SF_PROD,owner_jose,Authenticated workspace; seeded state matching the control,/audits/[id],src/app/audits/[id]/page.tsx:141:summary:1,Exercise summary and verify its documented behavior,Expected state transition occurs once; rendered and persisted data retain the selected website provenance,trace+screenshot+network,0,none,e2e,NOT RUN,,
CTRL.CENSUS.0070,STG_DISPOSABLE,owner_jose,Authenticated workspace; seeded state matching the control,/audits/[id],src/app/audits/[id]/page.tsx:166:Link:1,Exercise Link and verify its documented behavior,Expected state transition occurs once; rendered and persisted data retain the selected website provenance,trace+network+database+cleanup,1,Restore disposable fixture,integration+e2e,NOT RUN,,
CTRL.CENSUS.0071,STG_DISPOSABLE,owner_jose,Authenticated workspace; seeded state matching the control,/audits/[id],src/app/audits/[id]/page.tsx:166:Link:2,Exercise Link and verify its documented behavior,Expected state transition occurs once; rendered and persisted data retain the selected website provenance,trace+network+database+cleanup,1,Restore disposable fixture,integration+e2e,NOT RUN,,
CTRL.CENSUS.0072,STG_DISPOSABLE,owner_jose,Authenticated workspace; seeded state matching the control,/audits,src/app/audits/page.tsx:27:Link:1,Exercise Link and verify its documented behavior,Expected state transition occurs once; rendered and persisted data retain the selected website provenance,trace+network+database+cleanup,1,Restore disposable fixture,integration+e2e,NOT RUN,,
CTRL.CENSUS.0073,STG_DISPOSABLE,owner_jose,Authenticated workspace; seeded state matching the control,/audits,src/app/audits/page.tsx:97:Link:1,Exercise Link and verify its documented behavior,Expected state transition occurs once; rendered and persisted data retain the selected website provenance,trace+network+database+cleanup,1,Restore disposable fixture,integration+e2e,NOT RUN,,
CTRL.CENSUS.0074,STG_DISPOSABLE,owner_jose,Authenticated workspace; seeded state matching the control,/audits,src/app/audits/page.tsx:97:Link:2,Exercise Link and verify its documented behavior,Expected state transition occurs once; rendered and persisted data retain the selected website provenance,trace+network+database+cleanup,1,Restore disposable fixture,integration+e2e,NOT RUN,,
CTRL.CENSUS.0075,STG_DISPOSABLE,owner_jose,Authenticated workspace; seeded state matching the control,/audits,src/app/audits/page.tsx:103:a:1,Exercise a and verify its documented behavior,Expected state transition occurs once; rendered and persisted data retain the selected website provenance,trace+network+database+cleanup,1,Restore disposable fixture,integration+e2e,NOT RUN,,
CTRL.CENSUS.0076,STG_DISPOSABLE,owner_jose,Authenticated workspace; seeded state matching the control,/audits,src/app/audits/page.tsx:108:a:1,Exercise a and verify its documented behavior,Expected state transition occurs once; rendered and persisted data retain the selected website provenance,trace+network+database+cleanup,2,Restore disposable fixture,integration+e2e,NOT RUN,,
CTRL.CENSUS.0077,SF_PROD,owner_jose,Authenticated workspace; seeded state matching the control,/auth/error,src/app/auth/error/page.tsx:9:a:1,Exercise a and verify its documented behavior,Expected state transition occurs once; rendered and persisted data retain the selected website provenance,trace+screenshot+network,0,none,e2e,NOT RUN,,
CTRL.CENSUS.0078,SF_PROD,owner_jose,Authenticated workspace; seeded state matching the control,/content,src/app/content/page.tsx:140:data-mutation:1,Exercise data-mutation and verify its documented behavior,Expected state transition occurs once; rendered and persisted data retain the selected website provenance,trace+screenshot+network,0,none,e2e,NOT RUN,,
CTRL.CENSUS.0079,STG_DISPOSABLE,owner_jose,Authenticated workspace; seeded state matching the control,/content,src/app/content/page.tsx:186:Link:1,Exercise Link and verify its documented behavior,Expected state transition occurs once; rendered and persisted data retain the selected website provenance,trace+network+database+cleanup,3,Restore disposable fixture,integration+e2e,NOT RUN,,
CTRL.CENSUS.0080,SF_PROD,owner_jose,Authenticated workspace; seeded state matching the control,/content,src/app/content/page.tsx:229:button:1,Exercise button and verify its documented behavior,Expected state transition occurs once; rendered and persisted data retain the selected website provenance,trace+screenshot+network,0,none,e2e,NOT RUN,,
CTRL.CENSUS.0081,STG_DISPOSABLE,owner_jose,Authenticated workspace; seeded state matching the control,/content/repurpose,src/app/content/repurpose/page.tsx:55:a:1,Exercise a and verify its documented behavior,Expected state transition occurs once; rendered and persisted data retain the selected website provenance,trace+network+database+cleanup,1,Restore disposable fixture,integration+e2e,NOT RUN,,
CTRL.CENSUS.0082,SF_PROD,owner_jose,Authenticated workspace; seeded state matching the control,/content/repurpose,src/app/content/repurpose/page.tsx:58:Link:1,Exercise Link and verify its documented behavior,Expected state transition occurs once; rendered and persisted data retain the selected website provenance,trace+screenshot+network,0,none,e2e,NOT RUN,,
CTRL.CENSUS.0083,STG_DISPOSABLE,owner_jose,Authenticated workspace; seeded state matching the control,/content/repurpose,src/app/content/repurpose/page.tsx:62:Link:1,Exercise Link and verify its documented behavior,Expected state transition occurs once; rendered and persisted data retain the selected website provenance,trace+network+database+cleanup,1,Restore disposable fixture,integration+e2e,NOT RUN,,
CTRL.CENSUS.0084,SF_PROD,owner_jose,Authenticated workspace; seeded state matching the control,/content/repurpose,src/app/content/repurpose/page.tsx:63:Link:1,Exercise Link and verify its documented behavior,Expected state transition occurs once; rendered and persisted data retain the selected website provenance,trace+screenshot+network,0,none,e2e,NOT RUN,,
CTRL.CENSUS.0085,SF_PROD,owner_jose,Authenticated workspace; seeded state matching the control,/distribution,src/app/distribution/page.tsx:23:data-mutation:1,Exercise data-mutation and verify its documented behavior,Expected state transition occurs once; rendered and persisted data retain the selected website provenance,trace+screenshot+network,0,none,e2e,NOT RUN,,
CTRL.CENSUS.0086,SF_PROD,owner_jose,Authenticated workspace; seeded state matching the control,/distribution,src/app/distribution/page.tsx:54:a:1,Exercise a and verify its documented behavior,Expected state transition occurs once; rendered and persisted data retain the selected website provenance,trace+screenshot+network,0,none,e2e,NOT RUN,,
CTRL.CENSUS.0087,STG_DISPOSABLE,owner_jose,Authenticated workspace; seeded state matching the control,/distribution,src/app/distribution/page.tsx:62:a:1,Exercise a and verify its documented behavior,Expected state transition occurs once; rendered and persisted data retain the selected website provenance,trace+network+database+cleanup,3,Restore disposable fixture,integration+e2e,NOT RUN,,
CTRL.CENSUS.0088,STG_DISPOSABLE,owner_jose,Authenticated workspace; seeded state matching the control,/distribution,src/app/distribution/page.tsx:62:a:2,Exercise a and verify its documented behavior,Expected state transition occurs once; rendered and persisted data retain the selected website provenance,trace+network+database+cleanup,3,Restore disposable fixture,integration+e2e,NOT RUN,,
CTRL.CENSUS.0089,STG_DISPOSABLE,owner_jose,Authenticated workspace; seeded state matching the control,/distribution,src/app/distribution/page.tsx:62:a:3,Exercise a and verify its documented behavior,Expected state transition occurs once; rendered and persisted data retain the selected website provenance,trace+network+database+cleanup,3,Restore disposable fixture,integration+e2e,NOT RUN,,
CTRL.CENSUS.0090,STG_DISPOSABLE,owner_jose,Authenticated workspace; seeded state matching the control,/distribution,src/app/distribution/page.tsx:62:Link:4,Exercise Link and verify its documented behavior,Expected state transition occurs once; rendered and persisted data retain the selected website provenance,trace+network+database+cleanup,3,Restore disposable fixture,integration+e2e,NOT RUN,,
CTRL.CENSUS.0091,STG_DISPOSABLE,owner_jose,Authenticated workspace; seeded state matching the control,/distribution,src/app/distribution/page.tsx:75:a:1,Exercise a and verify its documented behavior,Expected state transition occurs once; rendered and persisted data retain the selected website provenance,trace+network+database+cleanup,1,Restore disposable fixture,integration+e2e,NOT RUN,,
CTRL.CENSUS.0092,SF_PROD,owner_jose,Authenticated workspace; seeded state matching the control,/distribution,src/app/distribution/page.tsx:77:a:1,Exercise a and verify its documented behavior,Expected state transition occurs once; rendered and persisted data retain the selected website provenance,trace+screenshot+network,0,none,e2e,NOT RUN,,
CTRL.CENSUS.0093,STG_DISPOSABLE,owner_jose,Authenticated workspace; seeded state matching the control,/distribution,src/app/distribution/page.tsx:79:Link:1,Exercise Link and verify its documented behavior,Expected state transition occurs once; rendered and persisted data retain the selected website provenance,trace+network+database+cleanup,1,Restore disposable fixture,integration+e2e,NOT RUN,,
CTRL.CENSUS.0094,SF_PROD,owner_jose,Authenticated workspace; seeded state matching the control,/distribution,src/app/distribution/page.tsx:89:summary:1,Exercise summary and verify its documented behavior,Expected state transition occurs once; rendered and persisted data retain the selected website provenance,trace+screenshot+network,0,none,e2e,NOT RUN,,
CTRL.CENSUS.0095,SF_PROD,owner_jose,Authenticated workspace; seeded state matching the control,/distribution,src/app/distribution/page.tsx:93:Link:1,Exercise Link and verify its documented behavior,Expected state transition occurs once; rendered and persisted data retain the selected website provenance,trace+screenshot+network,0,none,e2e,NOT RUN,,
CTRL.CENSUS.0096,STG_DISPOSABLE,owner_jose,Authenticated workspace; seeded state matching the control,/keyword-research,src/app/keyword-research/page.tsx:23:Link:1,Exercise Link and verify its documented behavior,Expected state transition occurs once; rendered and persisted data retain the selected website provenance,trace+network+database+cleanup,1,Restore disposable fixture,integration+e2e,NOT RUN,,
CTRL.CENSUS.0097,STG_DISPOSABLE,owner_jose,Authenticated workspace; seeded state matching the control,/keywords,src/app/keywords/page.tsx:223:a:1,Exercise a and verify its documented behavior,Expected state transition occurs once; rendered and persisted data retain the selected website provenance,trace+network+database+cleanup,1,Restore disposable fixture,integration+e2e,NOT RUN,,
CTRL.CENSUS.0098,STG_DISPOSABLE,owner_jose,Authenticated workspace; seeded state matching the control,/keywords,src/app/keywords/page.tsx:224:summary:1,Exercise summary and verify its documented behavior,Expected state transition occurs once; rendered and persisted data retain the selected website provenance,trace+network+database+cleanup,1,Restore disposable fixture,integration+e2e,NOT RUN,,
CTRL.CENSUS.0099,STG_DISPOSABLE,owner_jose,Authenticated workspace; seeded state matching the control,/llm-visibility,src/app/llm-visibility/page.tsx:54:a:1,Exercise a and verify its documented behavior,Expected state transition occurs once; rendered and persisted data retain the selected website provenance,trace+network+database+cleanup,1,Restore disposable fixture,integration+e2e,NOT RUN,,
CTRL.CENSUS.0100,STG_DISPOSABLE,owner_jose,Authenticated workspace; seeded state matching the control,component,src/app/login/login-form.tsx:9:button:1,Exercise button and verify its documented behavior,Expected state transition occurs once; rendered and persisted data retain the selected website provenance,trace+network+database+cleanup,2,Restore disposable fixture,integration+e2e,NOT RUN,,
CTRL.CENSUS.0101,SF_PROD,owner_jose,Authenticated workspace; seeded state matching the control,component,src/app/login/login-form.tsx:28:form:1,Exercise form and verify its documented behavior,Expected state transition occurs once; rendered and persisted data retain the selected website provenance,trace+screenshot+network,0,none,e2e,NOT RUN,,
CTRL.CENSUS.0102,STG_DISPOSABLE,owner_jose,Authenticated workspace; seeded state matching the control,component,src/app/login/login-form.tsx:29:input:1,Exercise input and verify its documented behavior,Expected state transition occurs once; rendered and persisted data retain the selected website provenance,trace+network+database+cleanup,2,Restore disposable fixture,integration+e2e,NOT RUN,,
CTRL.CENSUS.0103,STG_DISPOSABLE,owner_jose,Authenticated workspace; seeded state matching the control,component,src/app/login/login-form.tsx:30:input:1,Exercise input and verify its documented behavior,Expected state transition occurs once; rendered and persisted data retain the selected website provenance,trace+network+database+cleanup,2,Restore disposable fixture,integration+e2e,NOT RUN,,
CTRL.CENSUS.0104,STG_DISPOSABLE,owner_jose,Authenticated workspace; seeded state matching the control,component,src/app/login/login-form.tsx:30:input:2,Exercise input and verify its documented behavior,Expected state transition occurs once; rendered and persisted data retain the selected website provenance,trace+network+database+cleanup,2,Restore disposable fixture,integration+e2e,NOT RUN,,
CTRL.CENSUS.0105,SF_PROD,owner_jose,Authenticated workspace; seeded state matching the control,/login,src/app/login/page.tsx:21:Link:1,Exercise Link and verify its documented behavior,Expected state transition occurs once; rendered and persisted data retain the selected website provenance,trace+screenshot+network,0,none,e2e,NOT RUN,,
CTRL.CENSUS.0106,STG_DISPOSABLE,owner_jose,Authenticated workspace; seeded state matching the control,/login,src/app/login/page.tsx:29:a:1,Exercise a and verify its documented behavior,Expected state transition occurs once; rendered and persisted data retain the selected website provenance,trace+network+database+cleanup,2,Restore disposable fixture,integration+e2e,NOT RUN,,
CTRL.CENSUS.0107,SF_PROD,owner_jose,Authenticated workspace; seeded state matching the control,/login,src/app/login/page.tsx:30:a:1,Exercise a and verify its documented behavior,Expected state transition occurs once; rendered and persisted data retain the selected website provenance,trace+screenshot+network,0,none,e2e,NOT RUN,,
CTRL.CENSUS.0108,SF_PROD,owner_jose,Authenticated workspace; seeded state matching the control,/login,src/app/login/page.tsx:42:a:1,Exercise a and verify its documented behavior,Expected state transition occurs once; rendered and persisted data retain the selected website provenance,trace+screenshot+network,0,none,e2e,NOT RUN,,
CTRL.CENSUS.0109,SF_PROD,owner_jose,Authenticated workspace; seeded state matching the control,/login,src/app/login/page.tsx:42:a:2,Exercise a and verify its documented behavior,Expected state transition occurs once; rendered and persisted data retain the selected website provenance,trace+screenshot+network,0,none,e2e,NOT RUN,,
CTRL.CENSUS.0110,SF_PROD,owner_jose,Authenticated workspace; seeded state matching the control,/login,src/app/login/page.tsx:42:a:3,Exercise a and verify its documented behavior,Expected state transition occurs once; rendered and persisted data retain the selected website provenance,trace+screenshot+network,0,none,e2e,NOT RUN,,
CTRL.CENSUS.0111,SF_PROD,owner_jose,Authenticated workspace; seeded state matching the control,/login,src/app/login/page.tsx:43:a:1,Exercise a and verify its documented behavior,Expected state transition occurs once; rendered and persisted data retain the selected website provenance,trace+screenshot+network,0,none,e2e,NOT RUN,,
CTRL.CENSUS.0112,STG_DISPOSABLE,owner_jose,Authenticated workspace; seeded state matching the control,component,src/app/login/password-form.tsx:12:button:1,Exercise button and verify its documented behavior,Expected state transition occurs once; rendered and persisted data retain the selected website provenance,trace+network+database+cleanup,2,Restore disposable fixture,integration+e2e,NOT RUN,,
CTRL.CENSUS.0113,STG_DISPOSABLE,owner_jose,Authenticated workspace; seeded state matching the control,component,src/app/login/password-form.tsx:18:form:1,Exercise form and verify its documented behavior,Expected state transition occurs once; rendered and persisted data retain the selected website provenance,trace+network+database+cleanup,1,Restore disposable fixture,integration+e2e,NOT RUN,,
CTRL.CENSUS.0114,STG_DISPOSABLE,owner_jose,Authenticated workspace; seeded state matching the control,component,src/app/login/password-form.tsx:19:input:1,Exercise input and verify its documented behavior,Expected state transition occurs once; rendered and persisted data retain the selected website provenance,trace+network+database+cleanup,1,Restore disposable fixture,integration+e2e,NOT RUN,,
CTRL.CENSUS.0115,STG_DISPOSABLE,owner_jose,Authenticated workspace; seeded state matching the control,component,src/app/login/password-form.tsx:20:input:1,Exercise input and verify its documented behavior,Expected state transition occurs once; rendered and persisted data retain the selected website provenance,trace+network+database+cleanup,1,Restore disposable fixture,integration+e2e,NOT RUN,,
CTRL.CENSUS.0116,STG_DISPOSABLE,owner_jose,Authenticated workspace; seeded state matching the control,component,src/app/login/password-form.tsx:22:input:1,Exercise input and verify its documented behavior,Expected state transition occurs once; rendered and persisted data retain the selected website provenance,trace+network+database+cleanup,1,Restore disposable fixture,integration+e2e,NOT RUN,,
CTRL.CENSUS.0117,STG_DISPOSABLE,owner_jose,Authenticated workspace; seeded state matching the control,component,src/app/login/password-form.tsx:23:input:1,Exercise input and verify its documented behavior,Expected state transition occurs once; rendered and persisted data retain the selected website provenance,trace+network+database+cleanup,1,Restore disposable fixture,integration+e2e,NOT RUN,,
CTRL.CENSUS.0118,STG_DISPOSABLE,owner_jose,Authenticated workspace; seeded state matching the control,component,src/app/login/password-form.tsx:24:button:1,Exercise button and verify its documented behavior,Expected state transition occurs once; rendered and persisted data retain the selected website provenance,trace+network+database+cleanup,1,Restore disposable fixture,integration+e2e,NOT RUN,,
CTRL.CENSUS.0119,STG_DISPOSABLE,owner_jose,Authenticated workspace; seeded state matching the control,component,src/app/login/password-form.tsx:24:onClick:2,Exercise onClick and verify its documented behavior,Expected state transition occurs once; rendered and persisted data retain the selected website provenance,trace+network+database+cleanup,1,Restore disposable fixture,integration+e2e,NOT RUN,,
CTRL.CENSUS.0120,SF_PROD,owner_jose,Authenticated workspace; seeded state matching the control,/,src/app/page.tsx:15:a:1,Exercise a and verify its documented behavior,Expected state transition occurs once; rendered and persisted data retain the selected website provenance,trace+screenshot+network,0,none,e2e,NOT RUN,,
CTRL.CENSUS.0121,SF_PROD,owner_jose,Authenticated workspace; seeded state matching the control,/,src/app/page.tsx:19:a:1,Exercise a and verify its documented behavior,Expected state transition occurs once; rendered and persisted data retain the selected website provenance,trace+screenshot+network,0,none,e2e,NOT RUN,,
CTRL.CENSUS.0122,SF_PROD,owner_jose,Authenticated workspace; seeded state matching the control,/,src/app/page.tsx:20:a:1,Exercise a and verify its documented behavior,Expected state transition occurs once; rendered and persisted data retain the selected website provenance,trace+screenshot+network,0,none,e2e,NOT RUN,,
CTRL.CENSUS.0123,SF_PROD,owner_jose,Authenticated workspace; seeded state matching the control,/,src/app/page.tsx:21:a:1,Exercise a and verify its documented behavior,Expected state transition occurs once; rendered and persisted data retain the selected website provenance,trace+screenshot+network,0,none,e2e,NOT RUN,,
CTRL.CENSUS.0124,SF_PROD,owner_jose,Authenticated workspace; seeded state matching the control,/,src/app/page.tsx:22:a:1,Exercise a and verify its documented behavior,Expected state transition occurs once; rendered and persisted data retain the selected website provenance,trace+screenshot+network,0,none,e2e,NOT RUN,,
CTRL.CENSUS.0125,SF_PROD,owner_jose,Authenticated workspace; seeded state matching the control,/,src/app/page.tsx:23:a:1,Exercise a and verify its documented behavior,Expected state transition occurs once; rendered and persisted data retain the selected website provenance,trace+screenshot+network,0,none,e2e,NOT RUN,,
CTRL.CENSUS.0126,SF_PROD,owner_jose,Authenticated workspace; seeded state matching the control,/,src/app/page.tsx:26:a:1,Exercise a and verify its documented behavior,Expected state transition occurs once; rendered and persisted data retain the selected website provenance,trace+screenshot+network,0,none,e2e,NOT RUN,,
CTRL.CENSUS.0127,SF_PROD,owner_jose,Authenticated workspace; seeded state matching the control,/,src/app/page.tsx:27:a:1,Exercise a and verify its documented behavior,Expected state transition occurs once; rendered and persisted data retain the selected website provenance,trace+screenshot+network,0,none,e2e,NOT RUN,,
CTRL.CENSUS.0128,SF_PROD,owner_jose,Authenticated workspace; seeded state matching the control,/,src/app/page.tsx:45:a:1,Exercise a and verify its documented behavior,Expected state transition occurs once; rendered and persisted data retain the selected website provenance,trace+screenshot+network,0,none,e2e,NOT RUN,,
CTRL.CENSUS.0129,SF_PROD,owner_jose,Authenticated workspace; seeded state matching the control,/,src/app/page.tsx:46:a:1,Exercise a and verify its documented behavior,Expected state transition occurs once; rendered and persisted data retain the selected website provenance,trace+screenshot+network,0,none,e2e,NOT RUN,,
CTRL.CENSUS.0130,SF_PROD,owner_jose,Authenticated workspace; seeded state matching the control,/,src/app/page.tsx:428:a:1,Exercise a and verify its documented behavior,Expected state transition occurs once; rendered and persisted data retain the selected website provenance,trace+screenshot+network,0,none,e2e,NOT RUN,,
CTRL.CENSUS.0131,SF_PROD,owner_jose,Authenticated workspace; seeded state matching the control,/pricing,src/app/pricing/page.tsx:7:Link:1,Exercise Link and verify its documented behavior,Expected state transition occurs once; rendered and persisted data retain the selected website provenance,trace+screenshot+network,0,none,e2e,NOT RUN,,
CTRL.CENSUS.0132,SF_PROD,owner_jose,Authenticated workspace; seeded state matching the control,/pricing,src/app/pricing/page.tsx:7:Link:2,Exercise Link and verify its documented behavior,Expected state transition occurs once; rendered and persisted data retain the selected website provenance,trace+screenshot+network,0,none,e2e,NOT RUN,,
CTRL.CENSUS.0133,STG_DISPOSABLE,owner_jose,Authenticated workspace; seeded state matching the control,/reoptimization/[id],src/app/reoptimization/[id]/page.tsx:17:Link:1,Exercise Link and verify its documented behavior,Expected state transition occurs once; rendered and persisted data retain the selected website provenance,trace+network+database+cleanup,2,Restore disposable fixture,integration+e2e,NOT RUN,,
CTRL.CENSUS.0134,STG_DISPOSABLE,owner_jose,Authenticated workspace; seeded state matching the control,/reoptimization/[id],src/app/reoptimization/[id]/page.tsx:27:Link:1,Exercise Link and verify its documented behavior,Expected state transition occurs once; rendered and persisted data retain the selected website provenance,trace+network+database+cleanup,3,Restore disposable fixture,integration+e2e,NOT RUN,,
CTRL.CENSUS.0135,STG_DISPOSABLE,owner_jose,Authenticated workspace; seeded state matching the control,/reoptimization/[id],src/app/reoptimization/[id]/page.tsx:27:a:2,Exercise a and verify its documented behavior,Expected state transition occurs once; rendered and persisted data retain the selected website provenance,trace+network+database+cleanup,3,Restore disposable fixture,integration+e2e,NOT RUN,,
CTRL.CENSUS.0136,SF_PROD,owner_jose,Authenticated workspace; seeded state matching the control,/reoptimization/[id],src/app/reoptimization/[id]/page.tsx:29:a:1,Exercise a and verify its documented behavior,Expected state transition occurs once; rendered and persisted data retain the selected website provenance,trace+screenshot+network,0,none,e2e,NOT RUN,,
CTRL.CENSUS.0137,STG_DISPOSABLE,owner_jose,Authenticated workspace; seeded state matching the control,/reviews,src/app/reviews/page.tsx:26:Link:1,Exercise Link and verify its documented behavior,Expected state transition occurs once; rendered and persisted data retain the selected website provenance,trace+network+database+cleanup,1,Restore disposable fixture,integration+e2e,NOT RUN,,
CTRL.CENSUS.0138,STG_DISPOSABLE,owner_jose,Authenticated workspace; seeded state matching the control,/this-week,src/app/this-week/page.tsx:53:summary:1,Exercise summary and verify its documented behavior,Expected state transition occurs once; rendered and persisted data retain the selected website provenance,trace+network+database+cleanup,1,Restore disposable fixture,integration+e2e,NOT RUN,,
CTRL.CENSUS.0139,STG_DISPOSABLE,owner_jose,Authenticated workspace; seeded state matching the control,component,src/components/account-settings.tsx:150:input:1,Exercise input and verify its documented behavior,Expected state transition occurs once; rendered and persisted data retain the selected website provenance,trace+network+database+cleanup,1,Restore disposable fixture,integration+e2e,NOT RUN,,
CTRL.CENSUS.0140,STG_DISPOSABLE,owner_jose,Authenticated workspace; seeded state matching the control,component,src/components/account-settings.tsx:150:onChange:2,Exercise onChange and verify its documented behavior,Expected state transition occurs once; rendered and persisted data retain the selected website provenance,trace+network+database+cleanup,1,Restore disposable fixture,integration+e2e,NOT RUN,,
CTRL.CENSUS.0141,STG_DISPOSABLE,owner_jose,Authenticated workspace; seeded state matching the control,component,src/components/account-settings.tsx:150:button:3,Exercise button and verify its documented behavior,Expected state transition occurs once; rendered and persisted data retain the selected website provenance,trace+network+database+cleanup,1,Restore disposable fixture,integration+e2e,NOT RUN,,
CTRL.CENSUS.0142,STG_DISPOSABLE,owner_jose,Authenticated workspace; seeded state matching the control,component,src/components/account-settings.tsx:150:onClick:4,Exercise onClick and verify its documented behavior,Expected state transition occurs once; rendered and persisted data retain the selected website provenance,trace+network+database+cleanup,1,Restore disposable fixture,integration+e2e,NOT RUN,,
CTRL.CENSUS.0143,STG_DISPOSABLE,owner_jose,Authenticated workspace; seeded state matching the control,component,src/components/account-settings.tsx:164:button:1,Exercise button and verify its documented behavior,Expected state transition occurs once; rendered and persisted data retain the selected website provenance,trace+network+database+cleanup,1,Restore disposable fixture,integration+e2e,NOT RUN,,
CTRL.CENSUS.0144,STG_DISPOSABLE,owner_jose,Authenticated workspace; seeded state matching the control,component,src/components/account-settings.tsx:164:onClick:2,Exercise onClick and verify its documented behavior,Expected state transition occurs once; rendered and persisted data retain the selected website provenance,trace+network+database+cleanup,1,Restore disposable fixture,integration+e2e,NOT RUN,,
CTRL.CENSUS.0145,STG_DISPOSABLE,owner_jose,Authenticated workspace; seeded state matching the control,component,src/components/account-settings.tsx:165:button:1,Exercise button and verify its documented behavior,Expected state transition occurs once; rendered and persisted data retain the selected website provenance,trace+network+database+cleanup,1,Restore disposable fixture,integration+e2e,NOT RUN,,
CTRL.CENSUS.0146,STG_DISPOSABLE,owner_jose,Authenticated workspace; seeded state matching the control,component,src/components/account-settings.tsx:165:onClick:2,Exercise onClick and verify its documented behavior,Expected state transition occurs once; rendered and persisted data retain the selected website provenance,trace+network+database+cleanup,1,Restore disposable fixture,integration+e2e,NOT RUN,,
CTRL.CENSUS.0147,STG_DISPOSABLE,owner_jose,Authenticated workspace; seeded state matching the control,component,src/components/account-settings.tsx:166:button:1,Exercise button and verify its documented behavior,Expected state transition occurs once; rendered and persisted data retain the selected website provenance,trace+network+database+cleanup,1,Restore disposable fixture,integration+e2e,NOT RUN,,
CTRL.CENSUS.0148,STG_DISPOSABLE,owner_jose,Authenticated workspace; seeded state matching the control,component,src/components/account-settings.tsx:166:onClick:2,Exercise onClick and verify its documented behavior,Expected state transition occurs once; rendered and persisted data retain the selected website provenance,trace+network+database+cleanup,1,Restore disposable fixture,integration+e2e,NOT RUN,,
CTRL.CENSUS.0149,STG_DISPOSABLE,owner_jose,Authenticated workspace; seeded state matching the control,component,src/components/account-settings.tsx:182:button:1,Exercise button and verify its documented behavior,Expected state transition occurs once; rendered and persisted data retain the selected website provenance,trace+network+database+cleanup,3,Restore disposable fixture,integration+e2e,NOT RUN,,
CTRL.CENSUS.0150,STG_DISPOSABLE,owner_jose,Authenticated workspace; seeded state matching the control,component,src/components/account-settings.tsx:182:onClick:2,Exercise onClick and verify its documented behavior,Expected state transition occurs once; rendered and persisted data retain the selected website provenance,trace+network+database+cleanup,3,Restore disposable fixture,integration+e2e,NOT RUN,,
CTRL.CENSUS.0151,STG_DISPOSABLE,owner_jose,Authenticated workspace; seeded state matching the control,component,src/components/account-settings.tsx:188:input:1,Exercise input and verify its documented behavior,Expected state transition occurs once; rendered and persisted data retain the selected website provenance,trace+network+database+cleanup,1,Restore disposable fixture,integration+e2e,NOT RUN,,
CTRL.CENSUS.0152,STG_DISPOSABLE,owner_jose,Authenticated workspace; seeded state matching the control,component,src/components/account-settings.tsx:188:onChange:2,Exercise onChange and verify its documented behavior,Expected state transition occurs once; rendered and persisted data retain the selected website provenance,trace+network+database+cleanup,1,Restore disposable fixture,integration+e2e,NOT RUN,,
CTRL.CENSUS.0153,STG_DISPOSABLE,owner_jose,Authenticated workspace; seeded state matching the control,component,src/components/account-settings.tsx:190:button:1,Exercise button and verify its documented behavior,Expected state transition occurs once; rendered and persisted data retain the selected website provenance,trace+network+database+cleanup,3,Restore disposable fixture,integration+e2e,NOT RUN,,
CTRL.CENSUS.0154,STG_DISPOSABLE,owner_jose,Authenticated workspace; seeded state matching the control,component,src/components/account-settings.tsx:190:onClick:2,Exercise onClick and verify its documented behavior,Expected state transition occurs once; rendered and persisted data retain the selected website provenance,trace+network+database+cleanup,3,Restore disposable fixture,integration+e2e,NOT RUN,,
CTRL.CENSUS.0155,STG_DISPOSABLE,owner_jose,Authenticated workspace; seeded state matching the control,component,src/components/account-settings.tsx:190:button:3,Exercise button and verify its documented behavior,Expected state transition occurs once; rendered and persisted data retain the selected website provenance,trace+network+database+cleanup,3,Restore disposable fixture,integration+e2e,NOT RUN,,
CTRL.CENSUS.0156,STG_DISPOSABLE,owner_jose,Authenticated workspace; seeded state matching the control,component,src/components/account-settings.tsx:190:onClick:4,Exercise onClick and verify its documented behavior,Expected state transition occurs once; rendered and persisted data retain the selected website provenance,trace+network+database+cleanup,3,Restore disposable fixture,integration+e2e,NOT RUN,,
CTRL.CENSUS.0157,STG_DISPOSABLE,owner_jose,Authenticated workspace; seeded state matching the control,component,src/components/account-settings.tsx:197:input:1,Exercise input and verify its documented behavior,Expected state transition occurs once; rendered and persisted data retain the selected website provenance,trace+network+database+cleanup,1,Restore disposable fixture,integration+e2e,NOT RUN,,
CTRL.CENSUS.0158,STG_DISPOSABLE,owner_jose,Authenticated workspace; seeded state matching the control,component,src/components/account-settings.tsx:197:onChange:2,Exercise onChange and verify its documented behavior,Expected state transition occurs once; rendered and persisted data retain the selected website provenance,trace+network+database+cleanup,1,Restore disposable fixture,integration+e2e,NOT RUN,,
CTRL.CENSUS.0159,STG_DISPOSABLE,owner_jose,Authenticated workspace; seeded state matching the control,component,src/components/account-settings.tsx:200:button:1,Exercise button and verify its documented behavior,Expected state transition occurs once; rendered and persisted data retain the selected website provenance,trace+network+database+cleanup,3,Restore disposable fixture,integration+e2e,NOT RUN,,
CTRL.CENSUS.0160,STG_DISPOSABLE,owner_jose,Authenticated workspace; seeded state matching the control,component,src/components/account-settings.tsx:200:onClick:2,Exercise onClick and verify its documented behavior,Expected state transition occurs once; rendered and persisted data retain the selected website provenance,trace+network+database+cleanup,3,Restore disposable fixture,integration+e2e,NOT RUN,,
CTRL.CENSUS.0161,SF_PROD,owner_jose,Authenticated workspace; seeded state matching the control,component,src/components/analytics-dashboard.tsx:103:button:1,Exercise button and verify its documented behavior,Expected state transition occurs once; rendered and persisted data retain the selected website provenance,trace+screenshot+network,0,none,e2e,NOT RUN,,
CTRL.CENSUS.0162,SF_PROD,owner_jose,Authenticated workspace; seeded state matching the control,component,src/components/analytics-dashboard.tsx:107:onClick:1,Exercise onClick and verify its documented behavior,Expected state transition occurs once; rendered and persisted data retain the selected website provenance,trace+screenshot+network,0,none,e2e,NOT RUN,,
CTRL.CENSUS.0163,SF_PROD,owner_jose,Authenticated workspace; seeded state matching the control,component,src/components/analytics-dashboard.tsx:128:Link:1,Exercise Link and verify its documented behavior,Expected state transition occurs once; rendered and persisted data retain the selected website provenance,trace+screenshot+network,0,none,e2e,NOT RUN,,
CTRL.CENSUS.0164,SF_PROD,owner_jose,Authenticated workspace; seeded state matching the control,component,src/components/analytics-dashboard.tsx:140:button:1,Exercise button and verify its documented behavior,Expected state transition occurs once; rendered and persisted data retain the selected website provenance,trace+screenshot+network,0,none,e2e,NOT RUN,,
CTRL.CENSUS.0165,SF_PROD,owner_jose,Authenticated workspace; seeded state matching the control,component,src/components/analytics-dashboard.tsx:140:onClick:2,Exercise onClick and verify its documented behavior,Expected state transition occurs once; rendered and persisted data retain the selected website provenance,trace+screenshot+network,0,none,e2e,NOT RUN,,
CTRL.CENSUS.0166,SF_PROD,owner_jose,Authenticated workspace; seeded state matching the control,component,src/components/analytics-dashboard.tsx:156:button:1,Exercise button and verify its documented behavior,Expected state transition occurs once; rendered and persisted data retain the selected website provenance,trace+screenshot+network,0,none,e2e,NOT RUN,,
CTRL.CENSUS.0167,SF_PROD,owner_jose,Authenticated workspace; seeded state matching the control,component,src/components/analytics-dashboard.tsx:156:onClick:2,Exercise onClick and verify its documented behavior,Expected state transition occurs once; rendered and persisted data retain the selected website provenance,trace+screenshot+network,0,none,e2e,NOT RUN,,
CTRL.CENSUS.0168,STG_DISPOSABLE,owner_jose,Authenticated workspace; seeded state matching the control,component,src/components/analytics-dashboard.tsx:185:Link:1,Exercise Link and verify its documented behavior,Expected state transition occurs once; rendered and persisted data retain the selected website provenance,trace+network+database+cleanup,1,Restore disposable fixture,integration+e2e,NOT RUN,,
CTRL.CENSUS.0169,STG_DISPOSABLE,owner_jose,Authenticated workspace; seeded state matching the control,component,src/components/analytics-dashboard.tsx:189:Link:1,Exercise Link and verify its documented behavior,Expected state transition occurs once; rendered and persisted data retain the selected website provenance,trace+network+database+cleanup,1,Restore disposable fixture,integration+e2e,NOT RUN,,
CTRL.CENSUS.0170,STG_DISPOSABLE,owner_jose,Authenticated workspace; seeded state matching the control,component,src/components/analytics-dashboard.tsx:191:summary:1,Exercise summary and verify its documented behavior,Expected state transition occurs once; rendered and persisted data retain the selected website provenance,trace+network+database+cleanup,1,Restore disposable fixture,integration+e2e,NOT RUN,,
CTRL.CENSUS.0171,STG_DISPOSABLE,owner_jose,Authenticated workspace; seeded state matching the control,component,src/components/article-review-workspace.tsx:538:button:1,Exercise button and verify its documented behavior,Expected state transition occurs once; rendered and persisted data retain the selected website provenance,trace+network+database+cleanup,2,Restore disposable fixture,integration+e2e,NOT RUN,,
CTRL.CENSUS.0172,STG_DISPOSABLE,owner_jose,Authenticated workspace; seeded state matching the control,component,src/components/article-review-workspace.tsx:538:onClick:2,Exercise onClick and verify its documented behavior,Expected state transition occurs once; rendered and persisted data retain the selected website provenance,trace+network+database+cleanup,2,Restore disposable fixture,integration+e2e,NOT RUN,,
CTRL.CENSUS.0173,STG_DISPOSABLE,owner_jose,Authenticated workspace; seeded state matching the control,component,src/components/article-review-workspace.tsx:546:select:1,Exercise select and verify its documented behavior,Expected state transition occurs once; rendered and persisted data retain the selected website provenance,trace+network+database+cleanup,1,Restore disposable fixture,integration+e2e,NOT RUN,,
CTRL.CENSUS.0174,STG_DISPOSABLE,owner_jose,Authenticated workspace; seeded state matching the control,component,src/components/article-review-workspace.tsx:546:onChange:2,Exercise onChange and verify its documented behavior,Expected state transition occurs once; rendered and persisted data retain the selected website provenance,trace+network+database+cleanup,1,Restore disposable fixture,integration+e2e,NOT RUN,,
CTRL.CENSUS.0175,STG_DISPOSABLE,owner_jose,Authenticated workspace; seeded state matching the control,component,src/components/article-review-workspace.tsx:547:select:1,Exercise select and verify its documented behavior,Expected state transition occurs once; rendered and persisted data retain the selected website provenance,trace+network+database+cleanup,1,Restore disposable fixture,integration+e2e,NOT RUN,,
CTRL.CENSUS.0176,STG_DISPOSABLE,owner_jose,Authenticated workspace; seeded state matching the control,component,src/components/article-review-workspace.tsx:547:onChange:2,Exercise onChange and verify its documented behavior,Expected state transition occurs once; rendered and persisted data retain the selected website provenance,trace+network+database+cleanup,1,Restore disposable fixture,integration+e2e,NOT RUN,,
CTRL.CENSUS.0177,STG_DISPOSABLE,owner_jose,Authenticated workspace; seeded state matching the control,component,src/components/article-review-workspace.tsx:548:select:1,Exercise select and verify its documented behavior,Expected state transition occurs once; rendered and persisted data retain the selected website provenance,trace+network+database+cleanup,1,Restore disposable fixture,integration+e2e,NOT RUN,,
CTRL.CENSUS.0178,STG_DISPOSABLE,owner_jose,Authenticated workspace; seeded state matching the control,component,src/components/article-review-workspace.tsx:548:onChange:2,Exercise onChange and verify its documented behavior,Expected state transition occurs once; rendered and persisted data retain the selected website provenance,trace+network+database+cleanup,1,Restore disposable fixture,integration+e2e,NOT RUN,,
CTRL.CENSUS.0179,STG_DISPOSABLE,owner_jose,Authenticated workspace; seeded state matching the control,component,src/components/article-review-workspace.tsx:550:textarea:1,Exercise textarea and verify its documented behavior,Expected state transition occurs once; rendered and persisted data retain the selected website provenance,trace+network+database+cleanup,1,Restore disposable fixture,integration+e2e,NOT RUN,,
CTRL.CENSUS.0180,STG_DISPOSABLE,owner_jose,Authenticated workspace; seeded state matching the control,component,src/components/article-review-workspace.tsx:550:onChange:2,Exercise onChange and verify its documented behavior,Expected state transition occurs once; rendered and persisted data retain the selected website provenance,trace+network+database+cleanup,1,Restore disposable fixture,integration+e2e,NOT RUN,,
CTRL.CENSUS.0181,STG_DISPOSABLE,owner_jose,Authenticated workspace; seeded state matching the control,component,src/components/article-review-workspace.tsx:551:input:1,Exercise input and verify its documented behavior,Expected state transition occurs once; rendered and persisted data retain the selected website provenance,trace+network+database+cleanup,2,Restore disposable fixture,integration+e2e,NOT RUN,,
CTRL.CENSUS.0182,STG_DISPOSABLE,owner_jose,Authenticated workspace; seeded state matching the control,component,src/components/article-review-workspace.tsx:551:onChange:2,Exercise onChange and verify its documented behavior,Expected state transition occurs once; rendered and persisted data retain the selected website provenance,trace+network+database+cleanup,2,Restore disposable fixture,integration+e2e,NOT RUN,,
CTRL.CENSUS.0183,STG_DISPOSABLE,owner_jose,Authenticated workspace; seeded state matching the control,component,src/components/article-review-workspace.tsx:552:button:1,Exercise button and verify its documented behavior,Expected state transition occurs once; rendered and persisted data retain the selected website provenance,trace+network+database+cleanup,2,Restore disposable fixture,integration+e2e,NOT RUN,,
CTRL.CENSUS.0184,STG_DISPOSABLE,owner_jose,Authenticated workspace; seeded state matching the control,component,src/components/article-review-workspace.tsx:552:onClick:2,Exercise onClick and verify its documented behavior,Expected state transition occurs once; rendered and persisted data retain the selected website provenance,trace+network+database+cleanup,2,Restore disposable fixture,integration+e2e,NOT RUN,,
CTRL.CENSUS.0185,STG_DISPOSABLE,owner_jose,Authenticated workspace; seeded state matching the control,component,src/components/article-review-workspace.tsx:552:button:3,Exercise button and verify its documented behavior,Expected state transition occurs once; rendered and persisted data retain the selected website provenance,trace+network+database+cleanup,2,Restore disposable fixture,integration+e2e,NOT RUN,,
CTRL.CENSUS.0186,STG_DISPOSABLE,owner_jose,Authenticated workspace; seeded state matching the control,component,src/components/article-review-workspace.tsx:552:onClick:4,Exercise onClick and verify its documented behavior,Expected state transition occurs once; rendered and persisted data retain the selected website provenance,trace+network+database+cleanup,2,Restore disposable fixture,integration+e2e,NOT RUN,,
CTRL.CENSUS.0187,STG_DISPOSABLE,owner_jose,Authenticated workspace; seeded state matching the control,component,src/components/article-review-workspace.tsx:556:Link:1,Exercise Link and verify its documented behavior,Expected state transition occurs once; rendered and persisted data retain the selected website provenance,trace+network+database+cleanup,1,Restore disposable fixture,integration+e2e,NOT RUN,,
CTRL.CENSUS.0188,STG_DISPOSABLE,owner_jose,Authenticated workspace; seeded state matching the control,component,src/components/article-review-workspace.tsx:562:input:1,Exercise input and verify its documented behavior,Expected state transition occurs once; rendered and persisted data retain the selected website provenance,trace+network+database+cleanup,1,Restore disposable fixture,integration+e2e,NOT RUN,,
CTRL.CENSUS.0189,STG_DISPOSABLE,owner_jose,Authenticated workspace; seeded state matching the control,component,src/components/article-review-workspace.tsx:562:onChange:2,Exercise onChange and verify its documented behavior,Expected state transition occurs once; rendered and persisted data retain the selected website provenance,trace+network+database+cleanup,1,Restore disposable fixture,integration+e2e,NOT RUN,,
CTRL.CENSUS.0190,STG_DISPOSABLE,owner_jose,Authenticated workspace; seeded state matching the control,component,src/components/article-review-workspace.tsx:563:input:1,Exercise input and verify its documented behavior,Expected state transition occurs once; rendered and persisted data retain the selected website provenance,trace+network+database+cleanup,1,Restore disposable fixture,integration+e2e,NOT RUN,,
CTRL.CENSUS.0191,STG_DISPOSABLE,owner_jose,Authenticated workspace; seeded state matching the control,component,src/components/article-review-workspace.tsx:563:onChange:2,Exercise onChange and verify its documented behavior,Expected state transition occurs once; rendered and persisted data retain the selected website provenance,trace+network+database+cleanup,1,Restore disposable fixture,integration+e2e,NOT RUN,,
CTRL.CENSUS.0192,SF_PROD,owner_jose,Authenticated workspace; seeded state matching the control,component,src/components/article-review-workspace.tsx:565:summary:1,Exercise summary and verify its documented behavior,Expected state transition occurs once; rendered and persisted data retain the selected website provenance,trace+screenshot+network,0,none,e2e,NOT RUN,,
CTRL.CENSUS.0193,SF_PROD,owner_jose,Authenticated workspace; seeded state matching the control,component,src/components/article-review-workspace.tsx:565:button:2,Exercise button and verify its documented behavior,Expected state transition occurs once; rendered and persisted data retain the selected website provenance,trace+screenshot+network,0,none,e2e,NOT RUN,,
CTRL.CENSUS.0194,SF_PROD,owner_jose,Authenticated workspace; seeded state matching the control,component,src/components/article-review-workspace.tsx:565:onClick:3,Exercise onClick and verify its documented behavior,Expected state transition occurs once; rendered and persisted data retain the selected website provenance,trace+screenshot+network,0,none,e2e,NOT RUN,,
CTRL.CENSUS.0195,STG_DISPOSABLE,owner_jose,Authenticated workspace; seeded state matching the control,component,src/components/article-review-workspace.tsx:567:textarea:1,Exercise textarea and verify its documented behavior,Expected state transition occurs once; rendered and persisted data retain the selected website provenance,trace+network+database+cleanup,1,Restore disposable fixture,integration+e2e,NOT RUN,,
CTRL.CENSUS.0196,STG_DISPOSABLE,owner_jose,Authenticated workspace; seeded state matching the control,component,src/components/article-review-workspace.tsx:567:onChange:2,Exercise onChange and verify its documented behavior,Expected state transition occurs once; rendered and persisted data retain the selected website provenance,trace+network+database+cleanup,1,Restore disposable fixture,integration+e2e,NOT RUN,,
CTRL.CENSUS.0197,STG_DISPOSABLE,owner_jose,Authenticated workspace; seeded state matching the control,component,src/components/article-review-workspace.tsx:569:textarea:1,Exercise textarea and verify its documented behavior,Expected state transition occurs once; rendered and persisted data retain the selected website provenance,trace+network+database+cleanup,1,Restore disposable fixture,integration+e2e,NOT RUN,,
CTRL.CENSUS.0198,STG_DISPOSABLE,owner_jose,Authenticated workspace; seeded state matching the control,component,src/components/article-review-workspace.tsx:569:onChange:2,Exercise onChange and verify its documented behavior,Expected state transition occurs once; rendered and persisted data retain the selected website provenance,trace+network+database+cleanup,1,Restore disposable fixture,integration+e2e,NOT RUN,,
CTRL.CENSUS.0199,STG_DISPOSABLE,owner_jose,Authenticated workspace; seeded state matching the control,component,src/components/article-review-workspace.tsx:571:a:1,Exercise a and verify its documented behavior,Expected state transition occurs once; rendered and persisted data retain the selected website provenance,trace+network+database+cleanup,3,Restore disposable fixture,integration+e2e,NOT RUN,,
CTRL.CENSUS.0200,STG_DISPOSABLE,owner_jose,Authenticated workspace; seeded state matching the control,component,src/components/article-review-workspace.tsx:572:button:1,Exercise button and verify its documented behavior,Expected state transition occurs once; rendered and persisted data retain the selected website provenance,trace+network+database+cleanup,3,Restore disposable fixture,integration+e2e,NOT RUN,,
CTRL.CENSUS.0201,STG_DISPOSABLE,owner_jose,Authenticated workspace; seeded state matching the control,component,src/components/article-review-workspace.tsx:572:onClick:2,Exercise onClick and verify its documented behavior,Expected state transition occurs once; rendered and persisted data retain the selected website provenance,trace+network+database+cleanup,3,Restore disposable fixture,integration+e2e,NOT RUN,,
CTRL.CENSUS.0202,STG_DISPOSABLE,owner_jose,Authenticated workspace; seeded state matching the control,component,src/components/article-review-workspace.tsx:575:button:1,Exercise button and verify its documented behavior,Expected state transition occurs once; rendered and persisted data retain the selected website provenance,trace+network+database+cleanup,2,Restore disposable fixture,integration+e2e,NOT RUN,,
CTRL.CENSUS.0203,STG_DISPOSABLE,owner_jose,Authenticated workspace; seeded state matching the control,component,src/components/article-review-workspace.tsx:575:onClick:2,Exercise onClick and verify its documented behavior,Expected state transition occurs once; rendered and persisted data retain the selected website provenance,trace+network+database+cleanup,2,Restore disposable fixture,integration+e2e,NOT RUN,,
CTRL.CENSUS.0204,STG_DISPOSABLE,owner_jose,Authenticated workspace; seeded state matching the control,component,src/components/article-review-workspace.tsx:576:button:1,Exercise button and verify its documented behavior,Expected state transition occurs once; rendered and persisted data retain the selected website provenance,trace+network+database+cleanup,2,Restore disposable fixture,integration+e2e,NOT RUN,,
CTRL.CENSUS.0205,STG_DISPOSABLE,owner_jose,Authenticated workspace; seeded state matching the control,component,src/components/article-review-workspace.tsx:576:onClick:2,Exercise onClick and verify its documented behavior,Expected state transition occurs once; rendered and persisted data retain the selected website provenance,trace+network+database+cleanup,2,Restore disposable fixture,integration+e2e,NOT RUN,,
CTRL.CENSUS.0206,STG_DISPOSABLE,owner_jose,Authenticated workspace; seeded state matching the control,component,src/components/article-review-workspace.tsx:581:button:1,Exercise button and verify its documented behavior,Expected state transition occurs once; rendered and persisted data retain the selected website provenance,trace+network+database+cleanup,2,Restore disposable fixture,integration+e2e,NOT RUN,,
CTRL.CENSUS.0207,STG_DISPOSABLE,owner_jose,Authenticated workspace; seeded state matching the control,component,src/components/article-review-workspace.tsx:581:onClick:2,Exercise onClick and verify its documented behavior,Expected state transition occurs once; rendered and persisted data retain the selected website provenance,trace+network+database+cleanup,2,Restore disposable fixture,integration+e2e,NOT RUN,,
CTRL.CENSUS.0208,STG_DISPOSABLE,owner_jose,Authenticated workspace; seeded state matching the control,component,src/components/article-review-workspace.tsx:582:a:1,Exercise a and verify its documented behavior,Expected state transition occurs once; rendered and persisted data retain the selected website provenance,trace+network+database+cleanup,2,Restore disposable fixture,integration+e2e,NOT RUN,,
CTRL.CENSUS.0209,STG_DISPOSABLE,owner_jose,Authenticated workspace; seeded state matching the control,component,src/components/article-review-workspace.tsx:584:button:1,Exercise button and verify its documented behavior,Expected state transition occurs once; rendered and persisted data retain the selected website provenance,trace+network+database+cleanup,2,Restore disposable fixture,integration+e2e,NOT RUN,,
CTRL.CENSUS.0210,STG_DISPOSABLE,owner_jose,Authenticated workspace; seeded state matching the control,component,src/components/article-review-workspace.tsx:584:onClick:2,Exercise onClick and verify its documented behavior,Expected state transition occurs once; rendered and persisted data retain the selected website provenance,trace+network+database+cleanup,2,Restore disposable fixture,integration+e2e,NOT RUN,,
CTRL.CENSUS.0211,STG_DISPOSABLE,owner_jose,Authenticated workspace; seeded state matching the control,component,src/components/article-review-workspace.tsx:587:Link:1,Exercise Link and verify its documented behavior,Expected state transition occurs once; rendered and persisted data retain the selected website provenance,trace+network+database+cleanup,3,Restore disposable fixture,integration+e2e,NOT RUN,,
CTRL.CENSUS.0212,STG_DISPOSABLE,owner_jose,Authenticated workspace; seeded state matching the control,component,src/components/article-review-workspace.tsx:598:button:1,Exercise button and verify its documented behavior,Expected state transition occurs once; rendered and persisted data retain the selected website provenance,trace+network+database+cleanup,3,Restore disposable fixture,integration+e2e,NOT RUN,,
CTRL.CENSUS.0213,STG_DISPOSABLE,owner_jose,Authenticated workspace; seeded state matching the control,component,src/components/article-review-workspace.tsx:598:onClick:2,Exercise onClick and verify its documented behavior,Expected state transition occurs once; rendered and persisted data retain the selected website provenance,trace+network+database+cleanup,3,Restore disposable fixture,integration+e2e,NOT RUN,,
CTRL.CENSUS.0214,SF_PROD,owner_jose,Authenticated workspace; seeded state matching the control,component,src/components/article-review-workspace.tsx:606:a:1,Exercise a and verify its documented behavior,Expected state transition occurs once; rendered and persisted data retain the selected website provenance,trace+screenshot+network,0,none,e2e,NOT RUN,,
CTRL.CENSUS.0215,SF_PROD,owner_jose,Authenticated workspace; seeded state matching the control,component,src/components/article-review-workspace.tsx:607:a:1,Exercise a and verify its documented behavior,Expected state transition occurs once; rendered and persisted data retain the selected website provenance,trace+screenshot+network,0,none,e2e,NOT RUN,,
CTRL.CENSUS.0216,STG_DISPOSABLE,owner_jose,Authenticated workspace; seeded state matching the control,component,src/components/article-review-workspace.tsx:627:Link:1,Exercise Link and verify its documented behavior,Expected state transition occurs once; rendered and persisted data retain the selected website provenance,trace+network+database+cleanup,2,Restore disposable fixture,integration+e2e,NOT RUN,,
CTRL.CENSUS.0217,STG_DISPOSABLE,owner_jose,Authenticated workspace; seeded state matching the control,component,src/components/article-review-workspace.tsx:628:button:1,Exercise button and verify its documented behavior,Expected state transition occurs once; rendered and persisted data retain the selected website provenance,trace+network+database+cleanup,1,Restore disposable fixture,integration+e2e,NOT RUN,,
CTRL.CENSUS.0218,STG_DISPOSABLE,owner_jose,Authenticated workspace; seeded state matching the control,component,src/components/article-review-workspace.tsx:628:onClick:2,Exercise onClick and verify its documented behavior,Expected state transition occurs once; rendered and persisted data retain the selected website provenance,trace+network+database+cleanup,1,Restore disposable fixture,integration+e2e,NOT RUN,,
CTRL.CENSUS.0219,SF_PROD,owner_jose,Authenticated workspace; seeded state matching the control,component,src/components/audit-issue-explorer.tsx:35:button:1,Exercise button and verify its documented behavior,Expected state transition occurs once; rendered and persisted data retain the selected website provenance,trace+screenshot+network,0,none,e2e,NOT RUN,,
CTRL.CENSUS.0220,SF_PROD,owner_jose,Authenticated workspace; seeded state matching the control,component,src/components/audit-issue-explorer.tsx:35:onClick:2,Exercise onClick and verify its documented behavior,Expected state transition occurs once; rendered and persisted data retain the selected website provenance,trace+screenshot+network,0,none,e2e,NOT RUN,,
CTRL.CENSUS.0221,SF_PROD,owner_jose,Authenticated workspace; seeded state matching the control,component,src/components/audit-issue-explorer.tsx:37:select:1,Exercise select and verify its documented behavior,Expected state transition occurs once; rendered and persisted data retain the selected website provenance,trace+screenshot+network,0,none,e2e,NOT RUN,,
CTRL.CENSUS.0222,SF_PROD,owner_jose,Authenticated workspace; seeded state matching the control,component,src/components/audit-issue-explorer.tsx:37:onChange:2,Exercise onChange and verify its documented behavior,Expected state transition occurs once; rendered and persisted data retain the selected website provenance,trace+screenshot+network,0,none,e2e,NOT RUN,,
CTRL.CENSUS.0223,SF_PROD,owner_jose,Authenticated workspace; seeded state matching the control,component,src/components/audit-issue-explorer.tsx:48:summary:1,Exercise summary and verify its documented behavior,Expected state transition occurs once; rendered and persisted data retain the selected website provenance,trace+screenshot+network,0,none,e2e,NOT RUN,,
CTRL.CENSUS.0224,SF_PROD,owner_jose,Authenticated workspace; seeded state matching the control,component,src/components/audit-issue-explorer.tsx:48:a:2,Exercise a and verify its documented behavior,Expected state transition occurs once; rendered and persisted data retain the selected website provenance,trace+screenshot+network,0,none,e2e,NOT RUN,,
CTRL.CENSUS.0225,SF_PROD,owner_jose,Authenticated workspace; seeded state matching the control,component,src/components/audit-momentum-processing.tsx:133:Link:1,Exercise Link and verify its documented behavior,Expected state transition occurs once; rendered and persisted data retain the selected website provenance,trace+screenshot+network,0,none,e2e,NOT RUN,,
CTRL.CENSUS.0226,SF_PROD,owner_jose,Authenticated workspace; seeded state matching the control,component,src/components/audit-momentum-processing.tsx:134:button:1,Exercise button and verify its documented behavior,Expected state transition occurs once; rendered and persisted data retain the selected website provenance,trace+screenshot+network,0,none,e2e,NOT RUN,,
CTRL.CENSUS.0227,SF_PROD,owner_jose,Authenticated workspace; seeded state matching the control,component,src/components/audit-momentum-processing.tsx:134:onClick:2,Exercise onClick and verify its documented behavior,Expected state transition occurs once; rendered and persisted data retain the selected website provenance,trace+screenshot+network,0,none,e2e,NOT RUN,,
CTRL.CENSUS.0228,STG_DISPOSABLE,owner_jose,Authenticated workspace; seeded state matching the control,component,src/components/audit-momentum-processing.tsx:171:Link:1,Exercise Link and verify its documented behavior,Expected state transition occurs once; rendered and persisted data retain the selected website provenance,trace+network+database+cleanup,1,Restore disposable fixture,integration+e2e,NOT RUN,,
CTRL.CENSUS.0229,STG_DISPOSABLE,owner_jose,Authenticated workspace; seeded state matching the control,component,src/components/audit-momentum-processing.tsx:171:button:2,Exercise button and verify its documented behavior,Expected state transition occurs once; rendered and persisted data retain the selected website provenance,trace+network+database+cleanup,1,Restore disposable fixture,integration+e2e,NOT RUN,,
CTRL.CENSUS.0230,STG_DISPOSABLE,owner_jose,Authenticated workspace; seeded state matching the control,component,src/components/audit-momentum-processing.tsx:171:onClick:3,Exercise onClick and verify its documented behavior,Expected state transition occurs once; rendered and persisted data retain the selected website provenance,trace+network+database+cleanup,1,Restore disposable fixture,integration+e2e,NOT RUN,,
CTRL.CENSUS.0231,STG_DISPOSABLE,owner_jose,Authenticated workspace; seeded state matching the control,component,src/components/audit-momentum-processing.tsx:171:Link:4,Exercise Link and verify its documented behavior,Expected state transition occurs once; rendered and persisted data retain the selected website provenance,trace+network+database+cleanup,1,Restore disposable fixture,integration+e2e,NOT RUN,,
CTRL.CENSUS.0232,STG_DISPOSABLE,owner_jose,Authenticated workspace; seeded state matching the control,component,src/components/audit-momentum-processing.tsx:171:Link:5,Exercise Link and verify its documented behavior,Expected state transition occurs once; rendered and persisted data retain the selected website provenance,trace+network+database+cleanup,1,Restore disposable fixture,integration+e2e,NOT RUN,,
CTRL.CENSUS.0233,SF_PROD,owner_jose,Authenticated workspace; seeded state matching the control,component,src/components/backlink-analytics-workspace.tsx:50:form:1,Exercise form and verify its documented behavior,Expected state transition occurs once; rendered and persisted data retain the selected website provenance,trace+screenshot+network,0,none,e2e,NOT RUN,,
CTRL.CENSUS.0234,SF_PROD,owner_jose,Authenticated workspace; seeded state matching the control,component,src/components/backlink-analytics-workspace.tsx:50:onSubmit:2,Exercise onSubmit and verify its documented behavior,Expected state transition occurs once; rendered and persisted data retain the selected website provenance,trace+screenshot+network,0,none,e2e,NOT RUN,,
CTRL.CENSUS.0235,SF_PROD,owner_jose,Authenticated workspace; seeded state matching the control,component,src/components/backlink-analytics-workspace.tsx:50:input:3,Exercise input and verify its documented behavior,Expected state transition occurs once; rendered and persisted data retain the selected website provenance,trace+screenshot+network,0,none,e2e,NOT RUN,,
CTRL.CENSUS.0236,SF_PROD,owner_jose,Authenticated workspace; seeded state matching the control,component,src/components/backlink-analytics-workspace.tsx:50:onChange:4,Exercise onChange and verify its documented behavior,Expected state transition occurs once; rendered and persisted data retain the selected website provenance,trace+screenshot+network,0,none,e2e,NOT RUN,,
CTRL.CENSUS.0237,SF_PROD,owner_jose,Authenticated workspace; seeded state matching the control,component,src/components/backlink-analytics-workspace.tsx:50:button:5,Exercise button and verify its documented behavior,Expected state transition occurs once; rendered and persisted data retain the selected website provenance,trace+screenshot+network,0,none,e2e,NOT RUN,,
CTRL.CENSUS.0238,STG_DISPOSABLE,owner_jose,Authenticated workspace; seeded state matching the control,component,src/components/backlink-analytics-workspace.tsx:52:button:1,Exercise button and verify its documented behavior,Expected state transition occurs once; rendered and persisted data retain the selected website provenance,trace+network+database+cleanup,1,Restore disposable fixture,integration+e2e,NOT RUN,,
CTRL.CENSUS.0239,STG_DISPOSABLE,owner_jose,Authenticated workspace; seeded state matching the control,component,src/components/backlink-analytics-workspace.tsx:52:onClick:2,Exercise onClick and verify its documented behavior,Expected state transition occurs once; rendered and persisted data retain the selected website provenance,trace+network+database+cleanup,1,Restore disposable fixture,integration+e2e,NOT RUN,,
CTRL.CENSUS.0240,SF_PROD,owner_jose,Authenticated workspace; seeded state matching the control,component,src/components/backlink-analytics-workspace.tsx:68:input:1,Exercise input and verify its documented behavior,Expected state transition occurs once; rendered and persisted data retain the selected website provenance,trace+screenshot+network,0,none,e2e,NOT RUN,,
CTRL.CENSUS.0241,SF_PROD,owner_jose,Authenticated workspace; seeded state matching the control,component,src/components/backlink-analytics-workspace.tsx:68:onChange:2,Exercise onChange and verify its documented behavior,Expected state transition occurs once; rendered and persisted data retain the selected website provenance,trace+screenshot+network,0,none,e2e,NOT RUN,,
CTRL.CENSUS.0242,SF_PROD,owner_jose,Authenticated workspace; seeded state matching the control,component,src/components/backlink-analytics-workspace.tsx:68:select:3,Exercise select and verify its documented behavior,Expected state transition occurs once; rendered and persisted data retain the selected website provenance,trace+screenshot+network,0,none,e2e,NOT RUN,,
CTRL.CENSUS.0243,SF_PROD,owner_jose,Authenticated workspace; seeded state matching the control,component,src/components/backlink-analytics-workspace.tsx:68:onChange:4,Exercise onChange and verify its documented behavior,Expected state transition occurs once; rendered and persisted data retain the selected website provenance,trace+screenshot+network,0,none,e2e,NOT RUN,,
CTRL.CENSUS.0244,SF_PROD,owner_jose,Authenticated workspace; seeded state matching the control,component,src/components/backlink-analytics-workspace.tsx:68:select:5,Exercise select and verify its documented behavior,Expected state transition occurs once; rendered and persisted data retain the selected website provenance,trace+screenshot+network,0,none,e2e,NOT RUN,,
CTRL.CENSUS.0245,SF_PROD,owner_jose,Authenticated workspace; seeded state matching the control,component,src/components/backlink-analytics-workspace.tsx:68:onChange:6,Exercise onChange and verify its documented behavior,Expected state transition occurs once; rendered and persisted data retain the selected website provenance,trace+screenshot+network,0,none,e2e,NOT RUN,,
CTRL.CENSUS.0246,SF_PROD,owner_jose,Authenticated workspace; seeded state matching the control,component,src/components/backlink-analytics-workspace.tsx:69:a:1,Exercise a and verify its documented behavior,Expected state transition occurs once; rendered and persisted data retain the selected website provenance,trace+screenshot+network,0,none,e2e,NOT RUN,,
CTRL.CENSUS.0247,SF_PROD,owner_jose,Authenticated workspace; seeded state matching the control,component,src/components/billing/managed-websites.tsx:29:input:1,Exercise input and verify its documented behavior,Expected state transition occurs once; rendered and persisted data retain the selected website provenance,trace+screenshot+network,0,none,e2e,NOT RUN,,
CTRL.CENSUS.0248,SF_PROD,owner_jose,Authenticated workspace; seeded state matching the control,component,src/components/billing/managed-websites.tsx:29:onChange:2,Exercise onChange and verify its documented behavior,Expected state transition occurs once; rendered and persisted data retain the selected website provenance,trace+screenshot+network,0,none,e2e,NOT RUN,,
CTRL.CENSUS.0249,STG_DISPOSABLE,owner_jose,Authenticated workspace; seeded state matching the control,component,src/components/billing/managed-websites.tsx:32:Link:1,Exercise Link and verify its documented behavior,Expected state transition occurs once; rendered and persisted data retain the selected website provenance,trace+network+database+cleanup,1,Restore disposable fixture,integration+e2e,NOT RUN,,
CTRL.CENSUS.0250,STG_DISPOSABLE,owner_jose,Authenticated workspace; seeded state matching the control,component,src/components/billing/managed-websites.tsx:33:button:1,Exercise button and verify its documented behavior,Expected state transition occurs once; rendered and persisted data retain the selected website provenance,trace+network+database+cleanup,1,Restore disposable fixture,integration+e2e,NOT RUN,,
CTRL.CENSUS.0251,STG_DISPOSABLE,owner_jose,Authenticated workspace; seeded state matching the control,component,src/components/billing/managed-websites.tsx:33:onClick:2,Exercise onClick and verify its documented behavior,Expected state transition occurs once; rendered and persisted data retain the selected website provenance,trace+network+database+cleanup,1,Restore disposable fixture,integration+e2e,NOT RUN,,
CTRL.CENSUS.0252,SF_PROD,owner_jose,Authenticated workspace; seeded state matching the control,component,src/components/billing/pricing-plans.tsx:22:Link:1,Exercise Link and verify its documented behavior,Expected state transition occurs once; rendered and persisted data retain the selected website provenance,trace+screenshot+network,0,none,e2e,NOT RUN,,
CTRL.CENSUS.0253,SF_PROD,owner_jose,Authenticated workspace; seeded state matching the control,component,src/components/billing/pricing-plans.tsx:23:form:1,Exercise form and verify its documented behavior,Expected state transition occurs once; rendered and persisted data retain the selected website provenance,trace+screenshot+network,0,none,e2e,NOT RUN,,
CTRL.CENSUS.0254,SF_PROD,owner_jose,Authenticated workspace; seeded state matching the control,component,src/components/billing/pricing-plans.tsx:23:button:2,Exercise button and verify its documented behavior,Expected state transition occurs once; rendered and persisted data retain the selected website provenance,trace+screenshot+network,0,none,e2e,NOT RUN,,
CTRL.CENSUS.0255,SF_PROD,owner_jose,Authenticated workspace; seeded state matching the control,component,src/components/billing/pricing-plans.tsx:24:form:1,Exercise form and verify its documented behavior,Expected state transition occurs once; rendered and persisted data retain the selected website provenance,trace+screenshot+network,0,none,e2e,NOT RUN,,
CTRL.CENSUS.0256,SF_PROD,owner_jose,Authenticated workspace; seeded state matching the control,component,src/components/billing/pricing-plans.tsx:24:input:2,Exercise input and verify its documented behavior,Expected state transition occurs once; rendered and persisted data retain the selected website provenance,trace+screenshot+network,0,none,e2e,NOT RUN,,
CTRL.CENSUS.0257,SF_PROD,owner_jose,Authenticated workspace; seeded state matching the control,component,src/components/billing/pricing-plans.tsx:24:button:3,Exercise button and verify its documented behavior,Expected state transition occurs once; rendered and persisted data retain the selected website provenance,trace+screenshot+network,0,none,e2e,NOT RUN,,
CTRL.CENSUS.0258,STG_DISPOSABLE,owner_jose,Authenticated workspace; seeded state matching the control,component,src/components/billing/pricing-plans.tsx:44:Link:1,Exercise Link and verify its documented behavior,Expected state transition occurs once; rendered and persisted data retain the selected website provenance,trace+network+database+cleanup,1,Restore disposable fixture,integration+e2e,NOT RUN,,
CTRL.CENSUS.0259,SF_PROD,owner_jose,Authenticated workspace; seeded state matching the control,component,src/components/celebration-controls.tsx:43:summary:1,Exercise summary and verify its documented behavior,Expected state transition occurs once; rendered and persisted data retain the selected website provenance,trace+screenshot+network,0,none,e2e,NOT RUN,,
CTRL.CENSUS.0260,STG_DISPOSABLE,owner_jose,Authenticated workspace; seeded state matching the control,component,src/components/celebration-controls.tsx:45:input:1,Exercise input and verify its documented behavior,Expected state transition occurs once; rendered and persisted data retain the selected website provenance,trace+network+database+cleanup,1,Restore disposable fixture,integration+e2e,NOT RUN,,
CTRL.CENSUS.0261,STG_DISPOSABLE,owner_jose,Authenticated workspace; seeded state matching the control,component,src/components/celebration-controls.tsx:45:onChange:2,Exercise onChange and verify its documented behavior,Expected state transition occurs once; rendered and persisted data retain the selected website provenance,trace+network+database+cleanup,1,Restore disposable fixture,integration+e2e,NOT RUN,,
CTRL.CENSUS.0262,STG_DISPOSABLE,owner_jose,Authenticated workspace; seeded state matching the control,component,src/components/celebration-controls.tsx:46:input:1,Exercise input and verify its documented behavior,Expected state transition occurs once; rendered and persisted data retain the selected website provenance,trace+network+database+cleanup,1,Restore disposable fixture,integration+e2e,NOT RUN,,
CTRL.CENSUS.0263,STG_DISPOSABLE,owner_jose,Authenticated workspace; seeded state matching the control,component,src/components/celebration-controls.tsx:46:onChange:2,Exercise onChange and verify its documented behavior,Expected state transition occurs once; rendered and persisted data retain the selected website provenance,trace+network+database+cleanup,1,Restore disposable fixture,integration+e2e,NOT RUN,,
CTRL.CENSUS.0264,STG_DISPOSABLE,owner_jose,Authenticated workspace; seeded state matching the control,component,src/components/celebration-controls.tsx:47:button:1,Exercise button and verify its documented behavior,Expected state transition occurs once; rendered and persisted data retain the selected website provenance,trace+network+database+cleanup,1,Restore disposable fixture,integration+e2e,NOT RUN,,
CTRL.CENSUS.0265,STG_DISPOSABLE,owner_jose,Authenticated workspace; seeded state matching the control,component,src/components/celebration-controls.tsx:47:onClick:2,Exercise onClick and verify its documented behavior,Expected state transition occurs once; rendered and persisted data retain the selected website provenance,trace+network+database+cleanup,1,Restore disposable fixture,integration+e2e,NOT RUN,,
CTRL.CENSUS.0266,SF_PROD,owner_jose,Authenticated workspace; seeded state matching the control,component,src/components/copy-button.tsx:12:button:1,Exercise button and verify its documented behavior,Expected state transition occurs once; rendered and persisted data retain the selected website provenance,trace+screenshot+network,0,none,e2e,NOT RUN,,
CTRL.CENSUS.0267,SF_PROD,owner_jose,Authenticated workspace; seeded state matching the control,component,src/components/copy-button.tsx:12:onClick:2,Exercise onClick and verify its documented behavior,Expected state transition occurs once; rendered and persisted data retain the selected website provenance,trace+screenshot+network,0,none,e2e,NOT RUN,,
CTRL.CENSUS.0268,STG_DISPOSABLE,owner_jose,Authenticated workspace; seeded state matching the control,component,src/components/creator-discovery.tsx:49:button:1,Exercise button and verify its documented behavior,Expected state transition occurs once; rendered and persisted data retain the selected website provenance,trace+network+database+cleanup,3,Restore disposable fixture,integration+e2e,NOT RUN,,
CTRL.CENSUS.0269,STG_DISPOSABLE,owner_jose,Authenticated workspace; seeded state matching the control,component,src/components/creator-discovery.tsx:49:onClick:2,Exercise onClick and verify its documented behavior,Expected state transition occurs once; rendered and persisted data retain the selected website provenance,trace+network+database+cleanup,3,Restore disposable fixture,integration+e2e,NOT RUN,,
CTRL.CENSUS.0270,SF_PROD,owner_jose,Authenticated workspace; seeded state matching the control,component,src/components/creator-discovery.tsx:52:a:1,Exercise a and verify its documented behavior,Expected state transition occurs once; rendered and persisted data retain the selected website provenance,trace+screenshot+network,0,none,e2e,NOT RUN,,
CTRL.CENSUS.0271,STG_DISPOSABLE,owner_jose,Authenticated workspace; seeded state matching the control,component,src/components/creator-discovery.tsx:55:Link:1,Exercise Link and verify its documented behavior,Expected state transition occurs once; rendered and persisted data retain the selected website provenance,trace+network+database+cleanup,1,Restore disposable fixture,integration+e2e,NOT RUN,,
CTRL.CENSUS.0272,STG_DISPOSABLE,owner_jose,Authenticated workspace; seeded state matching the control,component,src/components/destiny-prototype.tsx:248:Link:1,Exercise Link and verify its documented behavior,Expected state transition occurs once; rendered and persisted data retain the selected website provenance,trace+network+database+cleanup,1,Restore disposable fixture,integration+e2e,NOT RUN,,
CTRL.CENSUS.0273,STG_DISPOSABLE,owner_jose,Authenticated workspace; seeded state matching the control,component,src/components/destiny-prototype.tsx:248:button:2,Exercise button and verify its documented behavior,Expected state transition occurs once; rendered and persisted data retain the selected website provenance,trace+network+database+cleanup,1,Restore disposable fixture,integration+e2e,NOT RUN,,
CTRL.CENSUS.0274,STG_DISPOSABLE,owner_jose,Authenticated workspace; seeded state matching the control,component,src/components/destiny-prototype.tsx:248:onClick:3,Exercise onClick and verify its documented behavior,Expected state transition occurs once; rendered and persisted data retain the selected website provenance,trace+network+database+cleanup,1,Restore disposable fixture,integration+e2e,NOT RUN,,
CTRL.CENSUS.0275,STG_DISPOSABLE,owner_jose,Authenticated workspace; seeded state matching the control,component,src/components/destiny-prototype.tsx:248:Link:4,Exercise Link and verify its documented behavior,Expected state transition occurs once; rendered and persisted data retain the selected website provenance,trace+network+database+cleanup,1,Restore disposable fixture,integration+e2e,NOT RUN,,
CTRL.CENSUS.0276,SF_PROD,owner_jose,Authenticated workspace; seeded state matching the control,component,src/components/destiny-prototype.tsx:258:button:1,Exercise button and verify its documented behavior,Expected state transition occurs once; rendered and persisted data retain the selected website provenance,trace+screenshot+network,0,none,e2e,NOT RUN,,
CTRL.CENSUS.0277,SF_PROD,owner_jose,Authenticated workspace; seeded state matching the control,component,src/components/destiny-prototype.tsx:258:onClick:2,Exercise onClick and verify its documented behavior,Expected state transition occurs once; rendered and persisted data retain the selected website provenance,trace+screenshot+network,0,none,e2e,NOT RUN,,
CTRL.CENSUS.0278,STG_DISPOSABLE,owner_jose,Authenticated workspace; seeded state matching the control,component,src/components/destiny-prototype.tsx:264:form:1,Exercise form and verify its documented behavior,Expected state transition occurs once; rendered and persisted data retain the selected website provenance,trace+network+database+cleanup,1,Restore disposable fixture,integration+e2e,NOT RUN,,
CTRL.CENSUS.0279,STG_DISPOSABLE,owner_jose,Authenticated workspace; seeded state matching the control,component,src/components/destiny-prototype.tsx:264:onSubmit:2,Exercise onSubmit and verify its documented behavior,Expected state transition occurs once; rendered and persisted data retain the selected website provenance,trace+network+database+cleanup,1,Restore disposable fixture,integration+e2e,NOT RUN,,
CTRL.CENSUS.0280,STG_DISPOSABLE,owner_jose,Authenticated workspace; seeded state matching the control,component,src/components/destiny-prototype.tsx:273:input:1,Exercise input and verify its documented behavior,Expected state transition occurs once; rendered and persisted data retain the selected website provenance,trace+network+database+cleanup,1,Restore disposable fixture,integration+e2e,NOT RUN,,
CTRL.CENSUS.0281,STG_DISPOSABLE,owner_jose,Authenticated workspace; seeded state matching the control,component,src/components/destiny-prototype.tsx:273:onChange:2,Exercise onChange and verify its documented behavior,Expected state transition occurs once; rendered and persisted data retain the selected website provenance,trace+network+database+cleanup,1,Restore disposable fixture,integration+e2e,NOT RUN,,
CTRL.CENSUS.0282,STG_DISPOSABLE,owner_jose,Authenticated workspace; seeded state matching the control,component,src/components/destiny-prototype.tsx:274:input:1,Exercise input and verify its documented behavior,Expected state transition occurs once; rendered and persisted data retain the selected website provenance,trace+network+database+cleanup,1,Restore disposable fixture,integration+e2e,NOT RUN,,
CTRL.CENSUS.0283,STG_DISPOSABLE,owner_jose,Authenticated workspace; seeded state matching the control,component,src/components/destiny-prototype.tsx:274:onChange:2,Exercise onChange and verify its documented behavior,Expected state transition occurs once; rendered and persisted data retain the selected website provenance,trace+network+database+cleanup,1,Restore disposable fixture,integration+e2e,NOT RUN,,
CTRL.CENSUS.0284,STG_DISPOSABLE,owner_jose,Authenticated workspace; seeded state matching the control,component,src/components/destiny-prototype.tsx:276:input:1,Exercise input and verify its documented behavior,Expected state transition occurs once; rendered and persisted data retain the selected website provenance,trace+network+database+cleanup,1,Restore disposable fixture,integration+e2e,NOT RUN,,
CTRL.CENSUS.0285,STG_DISPOSABLE,owner_jose,Authenticated workspace; seeded state matching the control,component,src/components/destiny-prototype.tsx:276:onChange:2,Exercise onChange and verify its documented behavior,Expected state transition occurs once; rendered and persisted data retain the selected website provenance,trace+network+database+cleanup,1,Restore disposable fixture,integration+e2e,NOT RUN,,
CTRL.CENSUS.0286,STG_DISPOSABLE,owner_jose,Authenticated workspace; seeded state matching the control,component,src/components/destiny-prototype.tsx:278:input:1,Exercise input and verify its documented behavior,Expected state transition occurs once; rendered and persisted data retain the selected website provenance,trace+network+database+cleanup,1,Restore disposable fixture,integration+e2e,NOT RUN,,
CTRL.CENSUS.0287,STG_DISPOSABLE,owner_jose,Authenticated workspace; seeded state matching the control,component,src/components/destiny-prototype.tsx:278:onChange:2,Exercise onChange and verify its documented behavior,Expected state transition occurs once; rendered and persisted data retain the selected website provenance,trace+network+database+cleanup,1,Restore disposable fixture,integration+e2e,NOT RUN,,
CTRL.CENSUS.0288,STG_DISPOSABLE,owner_jose,Authenticated workspace; seeded state matching the control,component,src/components/destiny-prototype.tsx:279:input:1,Exercise input and verify its documented behavior,Expected state transition occurs once; rendered and persisted data retain the selected website provenance,trace+network+database+cleanup,1,Restore disposable fixture,integration+e2e,NOT RUN,,
CTRL.CENSUS.0289,STG_DISPOSABLE,owner_jose,Authenticated workspace; seeded state matching the control,component,src/components/destiny-prototype.tsx:279:onChange:2,Exercise onChange and verify its documented behavior,Expected state transition occurs once; rendered and persisted data retain the selected website provenance,trace+network+database+cleanup,1,Restore disposable fixture,integration+e2e,NOT RUN,,
CTRL.CENSUS.0290,SF_PROD,owner_jose,Authenticated workspace; seeded state matching the control,component,src/components/destiny-prototype.tsx:291:button:1,Exercise button and verify its documented behavior,Expected state transition occurs once; rendered and persisted data retain the selected website provenance,trace+screenshot+network,0,none,e2e,NOT RUN,,
CTRL.CENSUS.0291,SF_PROD,owner_jose,Authenticated workspace; seeded state matching the control,component,src/components/destiny-prototype.tsx:291:onClick:2,Exercise onClick and verify its documented behavior,Expected state transition occurs once; rendered and persisted data retain the selected website provenance,trace+screenshot+network,0,none,e2e,NOT RUN,,
CTRL.CENSUS.0292,SF_PROD,owner_jose,Authenticated workspace; seeded state matching the control,component,src/components/destiny-prototype.tsx:295:textarea:1,Exercise textarea and verify its documented behavior,Expected state transition occurs once; rendered and persisted data retain the selected website provenance,trace+screenshot+network,0,none,e2e,NOT RUN,,
CTRL.CENSUS.0293,STG_DISPOSABLE,owner_jose,Authenticated workspace; seeded state matching the control,component,src/components/destiny-prototype.tsx:300:onChange:1,Exercise onChange and verify its documented behavior,Expected state transition occurs once; rendered and persisted data retain the selected website provenance,trace+network+database+cleanup,1,Restore disposable fixture,integration+e2e,NOT RUN,,
CTRL.CENSUS.0294,STG_DISPOSABLE,owner_jose,Authenticated workspace; seeded state matching the control,component,src/components/destiny-prototype.tsx:307:button:1,Exercise button and verify its documented behavior,Expected state transition occurs once; rendered and persisted data retain the selected website provenance,trace+network+database+cleanup,2,Restore disposable fixture,integration+e2e,NOT RUN,,
CTRL.CENSUS.0295,STG_DISPOSABLE,owner_jose,Authenticated workspace; seeded state matching the control,component,src/components/destiny-prototype.tsx:307:onClick:2,Exercise onClick and verify its documented behavior,Expected state transition occurs once; rendered and persisted data retain the selected website provenance,trace+network+database+cleanup,2,Restore disposable fixture,integration+e2e,NOT RUN,,
CTRL.CENSUS.0296,STG_DISPOSABLE,owner_jose,Authenticated workspace; seeded state matching the control,component,src/components/destiny-prototype.tsx:308:button:1,Exercise button and verify its documented behavior,Expected state transition occurs once; rendered and persisted data retain the selected website provenance,trace+network+database+cleanup,2,Restore disposable fixture,integration+e2e,NOT RUN,,
CTRL.CENSUS.0297,SF_PROD,owner_jose,Authenticated workspace; seeded state matching the control,component,src/components/destiny-prototype.tsx:321:Link:1,Exercise Link and verify its documented behavior,Expected state transition occurs once; rendered and persisted data retain the selected website provenance,trace+screenshot+network,0,none,e2e,NOT RUN,,
CTRL.CENSUS.0298,SF_PROD,owner_jose,Authenticated workspace; seeded state matching the control,component,src/components/destiny-prototype.tsx:325:form:1,Exercise form and verify its documented behavior,Expected state transition occurs once; rendered and persisted data retain the selected website provenance,trace+screenshot+network,0,none,e2e,NOT RUN,,
CTRL.CENSUS.0299,SF_PROD,owner_jose,Authenticated workspace; seeded state matching the control,component,src/components/destiny-prototype.tsx:325:button:2,Exercise button and verify its documented behavior,Expected state transition occurs once; rendered and persisted data retain the selected website provenance,trace+screenshot+network,0,none,e2e,NOT RUN,,
CTRL.CENSUS.0300,SF_PROD,owner_jose,Authenticated workspace; seeded state matching the control,component,src/components/destiny-prototype.tsx:339:button:1,Exercise button and verify its documented behavior,Expected state transition occurs once; rendered and persisted data retain the selected website provenance,trace+screenshot+network,0,none,e2e,NOT RUN,,
CTRL.CENSUS.0301,SF_PROD,owner_jose,Authenticated workspace; seeded state matching the control,component,src/components/destiny-prototype.tsx:339:onClick:2,Exercise onClick and verify its documented behavior,Expected state transition occurs once; rendered and persisted data retain the selected website provenance,trace+screenshot+network,0,none,e2e,NOT RUN,,
CTRL.CENSUS.0302,SF_PROD,owner_jose,Authenticated workspace; seeded state matching the control,component,src/components/destiny-prototype.tsx:344:button:1,Exercise button and verify its documented behavior,Expected state transition occurs once; rendered and persisted data retain the selected website provenance,trace+screenshot+network,0,none,e2e,NOT RUN,,
CTRL.CENSUS.0303,SF_PROD,owner_jose,Authenticated workspace; seeded state matching the control,component,src/components/destiny-prototype.tsx:344:onClick:2,Exercise onClick and verify its documented behavior,Expected state transition occurs once; rendered and persisted data retain the selected website provenance,trace+screenshot+network,0,none,e2e,NOT RUN,,
CTRL.CENSUS.0304,SF_PROD,owner_jose,Authenticated workspace; seeded state matching the control,component,src/components/destiny-prototype.tsx:351:Link:1,Exercise Link and verify its documented behavior,Expected state transition occurs once; rendered and persisted data retain the selected website provenance,trace+screenshot+network,0,none,e2e,NOT RUN,,
CTRL.CENSUS.0305,SF_PROD,owner_jose,Authenticated workspace; seeded state matching the control,component,src/components/destiny-prototype.tsx:362:Link:1,Exercise Link and verify its documented behavior,Expected state transition occurs once; rendered and persisted data retain the selected website provenance,trace+screenshot+network,0,none,e2e,NOT RUN,,
CTRL.CENSUS.0306,SF_PROD,owner_jose,Authenticated workspace; seeded state matching the control,component,src/components/destiny-prototype.tsx:387:Link:1,Exercise Link and verify its documented behavior,Expected state transition occurs once; rendered and persisted data retain the selected website provenance,trace+screenshot+network,0,none,e2e,NOT RUN,,
CTRL.CENSUS.0307,SF_PROD,owner_jose,Authenticated workspace; seeded state matching the control,component,src/components/destiny-prototype.tsx:404:Link:1,Exercise Link and verify its documented behavior,Expected state transition occurs once; rendered and persisted data retain the selected website provenance,trace+screenshot+network,0,none,e2e,NOT RUN,,
CTRL.CENSUS.0308,STG_DISPOSABLE,owner_jose,Authenticated workspace; seeded state matching the control,component,src/components/directory-profile-registry.tsx:76:a:1,Exercise a and verify its documented behavior,Expected state transition occurs once; rendered and persisted data retain the selected website provenance,trace+network+database+cleanup,1,Restore disposable fixture,integration+e2e,NOT RUN,,
CTRL.CENSUS.0309,STG_DISPOSABLE,owner_jose,Authenticated workspace; seeded state matching the control,component,src/components/directory-profile-registry.tsx:79:form:1,Exercise form and verify its documented behavior,Expected state transition occurs once; rendered and persisted data retain the selected website provenance,trace+network+database+cleanup,1,Restore disposable fixture,integration+e2e,NOT RUN,,
CTRL.CENSUS.0310,STG_DISPOSABLE,owner_jose,Authenticated workspace; seeded state matching the control,component,src/components/directory-profile-registry.tsx:79:onSubmit:2,Exercise onSubmit and verify its documented behavior,Expected state transition occurs once; rendered and persisted data retain the selected website provenance,trace+network+database+cleanup,1,Restore disposable fixture,integration+e2e,NOT RUN,,
CTRL.CENSUS.0311,STG_DISPOSABLE,owner_jose,Authenticated workspace; seeded state matching the control,component,src/components/directory-profile-registry.tsx:79:input:3,Exercise input and verify its documented behavior,Expected state transition occurs once; rendered and persisted data retain the selected website provenance,trace+network+database+cleanup,1,Restore disposable fixture,integration+e2e,NOT RUN,,
CTRL.CENSUS.0312,STG_DISPOSABLE,owner_jose,Authenticated workspace; seeded state matching the control,component,src/components/directory-profile-registry.tsx:79:onChange:4,Exercise onChange and verify its documented behavior,Expected state transition occurs once; rendered and persisted data retain the selected website provenance,trace+network+database+cleanup,1,Restore disposable fixture,integration+e2e,NOT RUN,,
CTRL.CENSUS.0313,STG_DISPOSABLE,owner_jose,Authenticated workspace; seeded state matching the control,component,src/components/directory-profile-registry.tsx:79:button:5,Exercise button and verify its documented behavior,Expected state transition occurs once; rendered and persisted data retain the selected website provenance,trace+network+database+cleanup,1,Restore disposable fixture,integration+e2e,NOT RUN,,
CTRL.CENSUS.0314,STG_DISPOSABLE,owner_jose,Authenticated workspace; seeded state matching the control,component,src/components/directory-profile-registry.tsx:80:button:1,Exercise button and verify its documented behavior,Expected state transition occurs once; rendered and persisted data retain the selected website provenance,trace+network+database+cleanup,1,Restore disposable fixture,integration+e2e,NOT RUN,,
CTRL.CENSUS.0315,STG_DISPOSABLE,owner_jose,Authenticated workspace; seeded state matching the control,component,src/components/directory-profile-registry.tsx:80:onClick:2,Exercise onClick and verify its documented behavior,Expected state transition occurs once; rendered and persisted data retain the selected website provenance,trace+network+database+cleanup,1,Restore disposable fixture,integration+e2e,NOT RUN,,
CTRL.CENSUS.0316,STG_DISPOSABLE,owner_jose,Authenticated workspace; seeded state matching the control,component,src/components/directory-profile-registry.tsx:80:button:3,Exercise button and verify its documented behavior,Expected state transition occurs once; rendered and persisted data retain the selected website provenance,trace+network+database+cleanup,1,Restore disposable fixture,integration+e2e,NOT RUN,,
CTRL.CENSUS.0317,STG_DISPOSABLE,owner_jose,Authenticated workspace; seeded state matching the control,component,src/components/directory-profile-registry.tsx:80:onClick:4,Exercise onClick and verify its documented behavior,Expected state transition occurs once; rendered and persisted data retain the selected website provenance,trace+network+database+cleanup,1,Restore disposable fixture,integration+e2e,NOT RUN,,
CTRL.CENSUS.0318,STG_DISPOSABLE,owner_jose,Authenticated workspace; seeded state matching the control,component,src/components/directory-profile-registry.tsx:80:Link:5,Exercise Link and verify its documented behavior,Expected state transition occurs once; rendered and persisted data retain the selected website provenance,trace+network+database+cleanup,1,Restore disposable fixture,integration+e2e,NOT RUN,,
CTRL.CENSUS.0319,SF_PROD,owner_jose,Authenticated workspace; seeded state matching the control,component,src/components/domain-overview-panels.tsx:37:button:1,Exercise button and verify its documented behavior,Expected state transition occurs once; rendered and persisted data retain the selected website provenance,trace+screenshot+network,0,none,e2e,NOT RUN,,
CTRL.CENSUS.0320,SF_PROD,owner_jose,Authenticated workspace; seeded state matching the control,component,src/components/domain-overview-panels.tsx:37:onClick:2,Exercise onClick and verify its documented behavior,Expected state transition occurs once; rendered and persisted data retain the selected website provenance,trace+screenshot+network,0,none,e2e,NOT RUN,,
CTRL.CENSUS.0321,SF_PROD,owner_jose,Authenticated workspace; seeded state matching the control,component,src/components/domain-overview-panels.tsx:38:select:1,Exercise select and verify its documented behavior,Expected state transition occurs once; rendered and persisted data retain the selected website provenance,trace+screenshot+network,0,none,e2e,NOT RUN,,
CTRL.CENSUS.0322,SF_PROD,owner_jose,Authenticated workspace; seeded state matching the control,component,src/components/domain-overview-panels.tsx:38:onChange:2,Exercise onChange and verify its documented behavior,Expected state transition occurs once; rendered and persisted data retain the selected website provenance,trace+screenshot+network,0,none,e2e,NOT RUN,,
CTRL.CENSUS.0323,SF_PROD,owner_jose,Authenticated workspace; seeded state matching the control,component,src/components/domain-overview-panels.tsx:40:summary:1,Exercise summary and verify its documented behavior,Expected state transition occurs once; rendered and persisted data retain the selected website provenance,trace+screenshot+network,0,none,e2e,NOT RUN,,
CTRL.CENSUS.0324,SF_PROD,owner_jose,Authenticated workspace; seeded state matching the control,component,src/components/domain-overview-table.tsx:18:a:1,Exercise a and verify its documented behavior,Expected state transition occurs once; rendered and persisted data retain the selected website provenance,trace+screenshot+network,0,none,e2e,NOT RUN,,
CTRL.CENSUS.0325,SF_PROD,owner_jose,Authenticated workspace; seeded state matching the control,component,src/components/domain-overview-table.tsx:24:input:1,Exercise input and verify its documented behavior,Expected state transition occurs once; rendered and persisted data retain the selected website provenance,trace+screenshot+network,0,none,e2e,NOT RUN,,
CTRL.CENSUS.0326,SF_PROD,owner_jose,Authenticated workspace; seeded state matching the control,component,src/components/domain-overview-table.tsx:24:onChange:2,Exercise onChange and verify its documented behavior,Expected state transition occurs once; rendered and persisted data retain the selected website provenance,trace+screenshot+network,0,none,e2e,NOT RUN,,
CTRL.CENSUS.0327,SF_PROD,owner_jose,Authenticated workspace; seeded state matching the control,component,src/components/domain-overview-table.tsx:24:button:3,Exercise button and verify its documented behavior,Expected state transition occurs once; rendered and persisted data retain the selected website provenance,trace+screenshot+network,0,none,e2e,NOT RUN,,
CTRL.CENSUS.0328,SF_PROD,owner_jose,Authenticated workspace; seeded state matching the control,component,src/components/domain-overview-table.tsx:24:onClick:4,Exercise onClick and verify its documented behavior,Expected state transition occurs once; rendered and persisted data retain the selected website provenance,trace+screenshot+network,0,none,e2e,NOT RUN,,
CTRL.CENSUS.0329,SF_PROD,owner_jose,Authenticated workspace; seeded state matching the control,component,src/components/domain-overview-table.tsx:24:button:5,Exercise button and verify its documented behavior,Expected state transition occurs once; rendered and persisted data retain the selected website provenance,trace+screenshot+network,0,none,e2e,NOT RUN,,
CTRL.CENSUS.0330,SF_PROD,owner_jose,Authenticated workspace; seeded state matching the control,component,src/components/domain-overview-table.tsx:24:onClick:6,Exercise onClick and verify its documented behavior,Expected state transition occurs once; rendered and persisted data retain the selected website provenance,trace+screenshot+network,0,none,e2e,NOT RUN,,
CTRL.CENSUS.0331,SF_PROD,owner_jose,Authenticated workspace; seeded state matching the control,component,src/components/domain-overview-workspace.tsx:47:form:1,Exercise form and verify its documented behavior,Expected state transition occurs once; rendered and persisted data retain the selected website provenance,trace+screenshot+network,0,none,e2e,NOT RUN,,
CTRL.CENSUS.0332,SF_PROD,owner_jose,Authenticated workspace; seeded state matching the control,component,src/components/domain-overview-workspace.tsx:47:onSubmit:2,Exercise onSubmit and verify its documented behavior,Expected state transition occurs once; rendered and persisted data retain the selected website provenance,trace+screenshot+network,0,none,e2e,NOT RUN,,
CTRL.CENSUS.0333,SF_PROD,owner_jose,Authenticated workspace; seeded state matching the control,component,src/components/domain-overview-workspace.tsx:48:input:1,Exercise input and verify its documented behavior,Expected state transition occurs once; rendered and persisted data retain the selected website provenance,trace+screenshot+network,0,none,e2e,NOT RUN,,
CTRL.CENSUS.0334,SF_PROD,owner_jose,Authenticated workspace; seeded state matching the control,component,src/components/domain-overview-workspace.tsx:48:onChange:2,Exercise onChange and verify its documented behavior,Expected state transition occurs once; rendered and persisted data retain the selected website provenance,trace+screenshot+network,0,none,e2e,NOT RUN,,
CTRL.CENSUS.0335,SF_PROD,owner_jose,Authenticated workspace; seeded state matching the control,component,src/components/domain-overview-workspace.tsx:49:select:1,Exercise select and verify its documented behavior,Expected state transition occurs once; rendered and persisted data retain the selected website provenance,trace+screenshot+network,0,none,e2e,NOT RUN,,
CTRL.CENSUS.0336,SF_PROD,owner_jose,Authenticated workspace; seeded state matching the control,component,src/components/domain-overview-workspace.tsx:49:onChange:2,Exercise onChange and verify its documented behavior,Expected state transition occurs once; rendered and persisted data retain the selected website provenance,trace+screenshot+network,0,none,e2e,NOT RUN,,
CTRL.CENSUS.0337,SF_PROD,owner_jose,Authenticated workspace; seeded state matching the control,component,src/components/domain-overview-workspace.tsx:50:button:1,Exercise button and verify its documented behavior,Expected state transition occurs once; rendered and persisted data retain the selected website provenance,trace+screenshot+network,0,none,e2e,NOT RUN,,
CTRL.CENSUS.0338,SF_PROD,owner_jose,Authenticated workspace; seeded state matching the control,component,src/components/domain-overview-workspace.tsx:56:button:1,Exercise button and verify its documented behavior,Expected state transition occurs once; rendered and persisted data retain the selected website provenance,trace+screenshot+network,0,none,e2e,NOT RUN,,
CTRL.CENSUS.0339,SF_PROD,owner_jose,Authenticated workspace; seeded state matching the control,component,src/components/domain-overview-workspace.tsx:56:onClick:2,Exercise onClick and verify its documented behavior,Expected state transition occurs once; rendered and persisted data retain the selected website provenance,trace+screenshot+network,0,none,e2e,NOT RUN,,
CTRL.CENSUS.0340,SF_PROD,owner_jose,Authenticated workspace; seeded state matching the control,component,src/components/domain-overview-workspace.tsx:56:button:3,Exercise button and verify its documented behavior,Expected state transition occurs once; rendered and persisted data retain the selected website provenance,trace+screenshot+network,0,none,e2e,NOT RUN,,
CTRL.CENSUS.0341,SF_PROD,owner_jose,Authenticated workspace; seeded state matching the control,component,src/components/domain-overview-workspace.tsx:56:onClick:4,Exercise onClick and verify its documented behavior,Expected state transition occurs once; rendered and persisted data retain the selected website provenance,trace+screenshot+network,0,none,e2e,NOT RUN,,
CTRL.CENSUS.0342,SF_PROD,owner_jose,Authenticated workspace; seeded state matching the control,component,src/components/domain-overview-workspace.tsx:57:button:1,Exercise button and verify its documented behavior,Expected state transition occurs once; rendered and persisted data retain the selected website provenance,trace+screenshot+network,0,none,e2e,NOT RUN,,
CTRL.CENSUS.0343,SF_PROD,owner_jose,Authenticated workspace; seeded state matching the control,component,src/components/domain-overview-workspace.tsx:57:role:2,Exercise role and verify its documented behavior,Expected state transition occurs once; rendered and persisted data retain the selected website provenance,trace+screenshot+network,0,none,e2e,NOT RUN,,
CTRL.CENSUS.0344,SF_PROD,owner_jose,Authenticated workspace; seeded state matching the control,component,src/components/domain-overview-workspace.tsx:57:onClick:3,Exercise onClick and verify its documented behavior,Expected state transition occurs once; rendered and persisted data retain the selected website provenance,trace+screenshot+network,0,none,e2e,NOT RUN,,
CTRL.CENSUS.0345,SF_PROD,owner_jose,Authenticated workspace; seeded state matching the control,component,src/components/domain-overview-workspace.tsx:62:summary:1,Exercise summary and verify its documented behavior,Expected state transition occurs once; rendered and persisted data retain the selected website provenance,trace+screenshot+network,0,none,e2e,NOT RUN,,
CTRL.CENSUS.0346,SF_PROD,owner_jose,Authenticated workspace; seeded state matching the control,component,src/components/feature-journey-callout.tsx:14:Link:1,Exercise Link and verify its documented behavior,Expected state transition occurs once; rendered and persisted data retain the selected website provenance,trace+screenshot+network,0,none,e2e,NOT RUN,,
CTRL.CENSUS.0347,SF_PROD,owner_jose,Authenticated workspace; seeded state matching the control,component,src/components/feature-journey-callout.tsx:14:Link:2,Exercise Link and verify its documented behavior,Expected state transition occurs once; rendered and persisted data retain the selected website provenance,trace+screenshot+network,0,none,e2e,NOT RUN,,
CTRL.CENSUS.0348,SF_PROD,owner_jose,Authenticated workspace; seeded state matching the control,component,src/components/founder-journey.tsx:66:summary:1,Exercise summary and verify its documented behavior,Expected state transition occurs once; rendered and persisted data retain the selected website provenance,trace+screenshot+network,0,none,e2e,NOT RUN,,
CTRL.CENSUS.0349,STG_DISPOSABLE,owner_jose,Authenticated workspace; seeded state matching the control,component,src/components/founder-journey.tsx:70:textarea:1,Exercise textarea and verify its documented behavior,Expected state transition occurs once; rendered and persisted data retain the selected website provenance,trace+network+database+cleanup,1,Restore disposable fixture,integration+e2e,NOT RUN,,
CTRL.CENSUS.0350,STG_DISPOSABLE,owner_jose,Authenticated workspace; seeded state matching the control,component,src/components/founder-journey.tsx:70:onChange:2,Exercise onChange and verify its documented behavior,Expected state transition occurs once; rendered and persisted data retain the selected website provenance,trace+network+database+cleanup,1,Restore disposable fixture,integration+e2e,NOT RUN,,
CTRL.CENSUS.0351,STG_DISPOSABLE,owner_jose,Authenticated workspace; seeded state matching the control,component,src/components/founder-journey.tsx:71:button:1,Exercise button and verify its documented behavior,Expected state transition occurs once; rendered and persisted data retain the selected website provenance,trace+network+database+cleanup,1,Restore disposable fixture,integration+e2e,NOT RUN,,
CTRL.CENSUS.0352,STG_DISPOSABLE,owner_jose,Authenticated workspace; seeded state matching the control,component,src/components/founder-journey.tsx:71:onClick:2,Exercise onClick and verify its documented behavior,Expected state transition occurs once; rendered and persisted data retain the selected website provenance,trace+network+database+cleanup,1,Restore disposable fixture,integration+e2e,NOT RUN,,
CTRL.CENSUS.0353,SF_PROD,owner_jose,Authenticated workspace; seeded state matching the control,component,src/components/game-plan-view.tsx:18:Link:1,Exercise Link and verify its documented behavior,Expected state transition occurs once; rendered and persisted data retain the selected website provenance,trace+screenshot+network,0,none,e2e,NOT RUN,,
CTRL.CENSUS.0354,SF_PROD,owner_jose,Authenticated workspace; seeded state matching the control,component,src/components/game-plan-view.tsx:19:Link:1,Exercise Link and verify its documented behavior,Expected state transition occurs once; rendered and persisted data retain the selected website provenance,trace+screenshot+network,0,none,e2e,NOT RUN,,
CTRL.CENSUS.0355,SF_PROD,owner_jose,Authenticated workspace; seeded state matching the control,component,src/components/game-plan-view.tsx:30:Link:1,Exercise Link and verify its documented behavior,Expected state transition occurs once; rendered and persisted data retain the selected website provenance,trace+screenshot+network,0,none,e2e,NOT RUN,,
CTRL.CENSUS.0356,SF_PROD,owner_jose,Authenticated workspace; seeded state matching the control,component,src/components/game-plan-view.tsx:42:Link:1,Exercise Link and verify its documented behavior,Expected state transition occurs once; rendered and persisted data retain the selected website provenance,trace+screenshot+network,0,none,e2e,NOT RUN,,
CTRL.CENSUS.0357,STG_DISPOSABLE,owner_jose,Authenticated workspace; seeded state matching the control,component,src/components/google-integration-action.tsx:66:button:1,Exercise button and verify its documented behavior,Expected state transition occurs once; rendered and persisted data retain the selected website provenance,trace+network+database+cleanup,2,Restore disposable fixture,integration+e2e,NOT RUN,,
CTRL.CENSUS.0358,STG_DISPOSABLE,owner_jose,Authenticated workspace; seeded state matching the control,component,src/components/google-integration-action.tsx:66:onClick:2,Exercise onClick and verify its documented behavior,Expected state transition occurs once; rendered and persisted data retain the selected website provenance,trace+network+database+cleanup,2,Restore disposable fixture,integration+e2e,NOT RUN,,
CTRL.CENSUS.0359,STG_DISPOSABLE,owner_jose,Authenticated workspace; seeded state matching the control,component,src/components/google-integration-action.tsx:66:Link:3,Exercise Link and verify its documented behavior,Expected state transition occurs once; rendered and persisted data retain the selected website provenance,trace+network+database+cleanup,2,Restore disposable fixture,integration+e2e,NOT RUN,,
CTRL.CENSUS.0360,STG_DISPOSABLE,owner_jose,Authenticated workspace; seeded state matching the control,component,src/components/google-integration-action.tsx:66:select:4,Exercise select and verify its documented behavior,Expected state transition occurs once; rendered and persisted data retain the selected website provenance,trace+network+database+cleanup,2,Restore disposable fixture,integration+e2e,NOT RUN,,
CTRL.CENSUS.0361,STG_DISPOSABLE,owner_jose,Authenticated workspace; seeded state matching the control,component,src/components/google-integration-action.tsx:66:onChange:5,Exercise onChange and verify its documented behavior,Expected state transition occurs once; rendered and persisted data retain the selected website provenance,trace+network+database+cleanup,2,Restore disposable fixture,integration+e2e,NOT RUN,,
CTRL.CENSUS.0362,STG_DISPOSABLE,owner_jose,Authenticated workspace; seeded state matching the control,component,src/components/google-integration-action.tsx:66:button:6,Exercise button and verify its documented behavior,Expected state transition occurs once; rendered and persisted data retain the selected website provenance,trace+network+database+cleanup,2,Restore disposable fixture,integration+e2e,NOT RUN,,
CTRL.CENSUS.0363,STG_DISPOSABLE,owner_jose,Authenticated workspace; seeded state matching the control,component,src/components/google-integration-action.tsx:66:onClick:7,Exercise onClick and verify its documented behavior,Expected state transition occurs once; rendered and persisted data retain the selected website provenance,trace+network+database+cleanup,2,Restore disposable fixture,integration+e2e,NOT RUN,,
CTRL.CENSUS.0364,STG_DISPOSABLE,owner_jose,Authenticated workspace; seeded state matching the control,component,src/components/infographic-generator.tsx:96:select:1,Exercise select and verify its documented behavior,Expected state transition occurs once; rendered and persisted data retain the selected website provenance,trace+network+database+cleanup,1,Restore disposable fixture,integration+e2e,NOT RUN,,
CTRL.CENSUS.0365,STG_DISPOSABLE,owner_jose,Authenticated workspace; seeded state matching the control,component,src/components/infographic-generator.tsx:96:onChange:2,Exercise onChange and verify its documented behavior,Expected state transition occurs once; rendered and persisted data retain the selected website provenance,trace+network+database+cleanup,1,Restore disposable fixture,integration+e2e,NOT RUN,,
CTRL.CENSUS.0366,STG_DISPOSABLE,owner_jose,Authenticated workspace; seeded state matching the control,component,src/components/infographic-generator.tsx:97:input:1,Exercise input and verify its documented behavior,Expected state transition occurs once; rendered and persisted data retain the selected website provenance,trace+network+database+cleanup,1,Restore disposable fixture,integration+e2e,NOT RUN,,
CTRL.CENSUS.0367,STG_DISPOSABLE,owner_jose,Authenticated workspace; seeded state matching the control,component,src/components/infographic-generator.tsx:97:onChange:2,Exercise onChange and verify its documented behavior,Expected state transition occurs once; rendered and persisted data retain the selected website provenance,trace+network+database+cleanup,1,Restore disposable fixture,integration+e2e,NOT RUN,,
CTRL.CENSUS.0368,SF_PROD,owner_jose,Authenticated workspace; seeded state matching the control,component,src/components/infographic-generator.tsx:98:select:1,Exercise select and verify its documented behavior,Expected state transition occurs once; rendered and persisted data retain the selected website provenance,trace+screenshot+network,0,none,e2e,NOT RUN,,
CTRL.CENSUS.0369,SF_PROD,owner_jose,Authenticated workspace; seeded state matching the control,component,src/components/infographic-generator.tsx:98:onChange:2,Exercise onChange and verify its documented behavior,Expected state transition occurs once; rendered and persisted data retain the selected website provenance,trace+screenshot+network,0,none,e2e,NOT RUN,,
CTRL.CENSUS.0370,SF_PROD,owner_jose,Authenticated workspace; seeded state matching the control,component,src/components/infographic-generator.tsx:99:textarea:1,Exercise textarea and verify its documented behavior,Expected state transition occurs once; rendered and persisted data retain the selected website provenance,trace+screenshot+network,0,none,e2e,NOT RUN,,
CTRL.CENSUS.0371,SF_PROD,owner_jose,Authenticated workspace; seeded state matching the control,component,src/components/infographic-generator.tsx:99:onChange:2,Exercise onChange and verify its documented behavior,Expected state transition occurs once; rendered and persisted data retain the selected website provenance,trace+screenshot+network,0,none,e2e,NOT RUN,,
CTRL.CENSUS.0372,SF_PROD,owner_jose,Authenticated workspace; seeded state matching the control,component,src/components/infographic-generator.tsx:103:button:1,Exercise button and verify its documented behavior,Expected state transition occurs once; rendered and persisted data retain the selected website provenance,trace+screenshot+network,0,none,e2e,NOT RUN,,
CTRL.CENSUS.0373,SF_PROD,owner_jose,Authenticated workspace; seeded state matching the control,component,src/components/infographic-generator.tsx:103:onClick:2,Exercise onClick and verify its documented behavior,Expected state transition occurs once; rendered and persisted data retain the selected website provenance,trace+screenshot+network,0,none,e2e,NOT RUN,,
CTRL.CENSUS.0374,STG_DISPOSABLE,owner_jose,Authenticated workspace; seeded state matching the control,component,src/components/infographic-generator.tsx:108:a:1,Exercise a and verify its documented behavior,Expected state transition occurs once; rendered and persisted data retain the selected website provenance,trace+network+database+cleanup,3,Restore disposable fixture,integration+e2e,NOT RUN,,
CTRL.CENSUS.0375,SF_PROD,owner_jose,Authenticated workspace; seeded state matching the control,component,src/components/infographic-generator.tsx:110:button:1,Exercise button and verify its documented behavior,Expected state transition occurs once; rendered and persisted data retain the selected website provenance,trace+screenshot+network,0,none,e2e,NOT RUN,,
CTRL.CENSUS.0376,SF_PROD,owner_jose,Authenticated workspace; seeded state matching the control,component,src/components/infographic-generator.tsx:110:onClick:2,Exercise onClick and verify its documented behavior,Expected state transition occurs once; rendered and persisted data retain the selected website provenance,trace+screenshot+network,0,none,e2e,NOT RUN,,
CTRL.CENSUS.0377,SF_PROD,owner_jose,Authenticated workspace; seeded state matching the control,component,src/components/infographic-generator.tsx:110:button:3,Exercise button and verify its documented behavior,Expected state transition occurs once; rendered and persisted data retain the selected website provenance,trace+screenshot+network,0,none,e2e,NOT RUN,,
CTRL.CENSUS.0378,SF_PROD,owner_jose,Authenticated workspace; seeded state matching the control,component,src/components/infographic-generator.tsx:110:onClick:4,Exercise onClick and verify its documented behavior,Expected state transition occurs once; rendered and persisted data retain the selected website provenance,trace+screenshot+network,0,none,e2e,NOT RUN,,
CTRL.CENSUS.0379,SF_PROD,owner_jose,Authenticated workspace; seeded state matching the control,component,src/components/infographic-generator.tsx:113:a:1,Exercise a and verify its documented behavior,Expected state transition occurs once; rendered and persisted data retain the selected website provenance,trace+screenshot+network,0,none,e2e,NOT RUN,,
CTRL.CENSUS.0380,SF_PROD,owner_jose,Authenticated workspace; seeded state matching the control,component,src/components/infographic-generator.tsx:114:summary:1,Exercise summary and verify its documented behavior,Expected state transition occurs once; rendered and persisted data retain the selected website provenance,trace+screenshot+network,0,none,e2e,NOT RUN,,
CTRL.CENSUS.0381,SF_PROD,owner_jose,Authenticated workspace; seeded state matching the control,component,src/components/infographic-generator.tsx:114:button:2,Exercise button and verify its documented behavior,Expected state transition occurs once; rendered and persisted data retain the selected website provenance,trace+screenshot+network,0,none,e2e,NOT RUN,,
CTRL.CENSUS.0382,SF_PROD,owner_jose,Authenticated workspace; seeded state matching the control,component,src/components/infographic-generator.tsx:114:onClick:3,Exercise onClick and verify its documented behavior,Expected state transition occurs once; rendered and persisted data retain the selected website provenance,trace+screenshot+network,0,none,e2e,NOT RUN,,
CTRL.CENSUS.0383,SF_PROD,owner_jose,Authenticated workspace; seeded state matching the control,component,src/components/infographic-generator.tsx:116:button:1,Exercise button and verify its documented behavior,Expected state transition occurs once; rendered and persisted data retain the selected website provenance,trace+screenshot+network,0,none,e2e,NOT RUN,,
CTRL.CENSUS.0384,SF_PROD,owner_jose,Authenticated workspace; seeded state matching the control,component,src/components/infographic-generator.tsx:116:onClick:2,Exercise onClick and verify its documented behavior,Expected state transition occurs once; rendered and persisted data retain the selected website provenance,trace+screenshot+network,0,none,e2e,NOT RUN,,
CTRL.CENSUS.0385,STG_DISPOSABLE,owner_jose,Authenticated workspace; seeded state matching the control,component,src/components/interlink-workspace.tsx:120:button:1,Exercise button and verify its documented behavior,Expected state transition occurs once; rendered and persisted data retain the selected website provenance,trace+network+database+cleanup,1,Restore disposable fixture,integration+e2e,NOT RUN,,
CTRL.CENSUS.0386,STG_DISPOSABLE,owner_jose,Authenticated workspace; seeded state matching the control,component,src/components/interlink-workspace.tsx:120:onClick:2,Exercise onClick and verify its documented behavior,Expected state transition occurs once; rendered and persisted data retain the selected website provenance,trace+network+database+cleanup,1,Restore disposable fixture,integration+e2e,NOT RUN,,
CTRL.CENSUS.0387,STG_DISPOSABLE,owner_jose,Authenticated workspace; seeded state matching the control,component,src/components/interlink-workspace.tsx:135:Link:1,Exercise Link and verify its documented behavior,Expected state transition occurs once; rendered and persisted data retain the selected website provenance,trace+network+database+cleanup,3,Restore disposable fixture,integration+e2e,NOT RUN,,
CTRL.CENSUS.0388,STG_DISPOSABLE,owner_jose,Authenticated workspace; seeded state matching the control,component,src/components/interlink-workspace.tsx:153:button:1,Exercise button and verify its documented behavior,Expected state transition occurs once; rendered and persisted data retain the selected website provenance,trace+network+database+cleanup,1,Restore disposable fixture,integration+e2e,NOT RUN,,
CTRL.CENSUS.0389,STG_DISPOSABLE,owner_jose,Authenticated workspace; seeded state matching the control,component,src/components/interlink-workspace.tsx:153:onClick:2,Exercise onClick and verify its documented behavior,Expected state transition occurs once; rendered and persisted data retain the selected website provenance,trace+network+database+cleanup,1,Restore disposable fixture,integration+e2e,NOT RUN,,
CTRL.CENSUS.0390,STG_DISPOSABLE,owner_jose,Authenticated workspace; seeded state matching the control,component,src/components/interlink-workspace.tsx:153:button:3,Exercise button and verify its documented behavior,Expected state transition occurs once; rendered and persisted data retain the selected website provenance,trace+network+database+cleanup,1,Restore disposable fixture,integration+e2e,NOT RUN,,
CTRL.CENSUS.0391,STG_DISPOSABLE,owner_jose,Authenticated workspace; seeded state matching the control,component,src/components/interlink-workspace.tsx:153:onClick:4,Exercise onClick and verify its documented behavior,Expected state transition occurs once; rendered and persisted data retain the selected website provenance,trace+network+database+cleanup,1,Restore disposable fixture,integration+e2e,NOT RUN,,
CTRL.CENSUS.0392,STG_DISPOSABLE,owner_jose,Authenticated workspace; seeded state matching the control,component,src/components/interlink-workspace.tsx:153:button:5,Exercise button and verify its documented behavior,Expected state transition occurs once; rendered and persisted data retain the selected website provenance,trace+network+database+cleanup,1,Restore disposable fixture,integration+e2e,NOT RUN,,
CTRL.CENSUS.0393,STG_DISPOSABLE,owner_jose,Authenticated workspace; seeded state matching the control,component,src/components/interlink-workspace.tsx:153:onClick:6,Exercise onClick and verify its documented behavior,Expected state transition occurs once; rendered and persisted data retain the selected website provenance,trace+network+database+cleanup,1,Restore disposable fixture,integration+e2e,NOT RUN,,
CTRL.CENSUS.0394,STG_DISPOSABLE,owner_jose,Authenticated workspace; seeded state matching the control,component,src/components/interlink-workspace.tsx:153:button:7,Exercise button and verify its documented behavior,Expected state transition occurs once; rendered and persisted data retain the selected website provenance,trace+network+database+cleanup,1,Restore disposable fixture,integration+e2e,NOT RUN,,
CTRL.CENSUS.0395,STG_DISPOSABLE,owner_jose,Authenticated workspace; seeded state matching the control,component,src/components/interlink-workspace.tsx:153:onClick:8,Exercise onClick and verify its documented behavior,Expected state transition occurs once; rendered and persisted data retain the selected website provenance,trace+network+database+cleanup,1,Restore disposable fixture,integration+e2e,NOT RUN,,
CTRL.CENSUS.0396,SF_PROD,owner_jose,Authenticated workspace; seeded state matching the control,component,src/components/interlink-workspace.tsx:158:button:1,Exercise button and verify its documented behavior,Expected state transition occurs once; rendered and persisted data retain the selected website provenance,trace+screenshot+network,0,none,e2e,NOT RUN,,
CTRL.CENSUS.0397,SF_PROD,owner_jose,Authenticated workspace; seeded state matching the control,component,src/components/interlink-workspace.tsx:158:onClick:2,Exercise onClick and verify its documented behavior,Expected state transition occurs once; rendered and persisted data retain the selected website provenance,trace+screenshot+network,0,none,e2e,NOT RUN,,
CTRL.CENSUS.0398,SF_PROD,owner_jose,Authenticated workspace; seeded state matching the control,component,src/components/interlink-workspace.tsx:158:button:3,Exercise button and verify its documented behavior,Expected state transition occurs once; rendered and persisted data retain the selected website provenance,trace+screenshot+network,0,none,e2e,NOT RUN,,
CTRL.CENSUS.0399,SF_PROD,owner_jose,Authenticated workspace; seeded state matching the control,component,src/components/interlink-workspace.tsx:158:onClick:4,Exercise onClick and verify its documented behavior,Expected state transition occurs once; rendered and persisted data retain the selected website provenance,trace+screenshot+network,0,none,e2e,NOT RUN,,
CTRL.CENSUS.0400,SF_PROD,owner_jose,Authenticated workspace; seeded state matching the control,component,src/components/interviews-workspace.tsx:263:button:1,Exercise button and verify its documented behavior,Expected state transition occurs once; rendered and persisted data retain the selected website provenance,trace+screenshot+network,0,none,e2e,NOT RUN,,
CTRL.CENSUS.0401,SF_PROD,owner_jose,Authenticated workspace; seeded state matching the control,component,src/components/interviews-workspace.tsx:263:onClick:2,Exercise onClick and verify its documented behavior,Expected state transition occurs once; rendered and persisted data retain the selected website provenance,trace+screenshot+network,0,none,e2e,NOT RUN,,
CTRL.CENSUS.0402,SF_PROD,owner_jose,Authenticated workspace; seeded state matching the control,component,src/components/interviews-workspace.tsx:275:button:1,Exercise button and verify its documented behavior,Expected state transition occurs once; rendered and persisted data retain the selected website provenance,trace+screenshot+network,0,none,e2e,NOT RUN,,
CTRL.CENSUS.0403,SF_PROD,owner_jose,Authenticated workspace; seeded state matching the control,component,src/components/interviews-workspace.tsx:275:onClick:2,Exercise onClick and verify its documented behavior,Expected state transition occurs once; rendered and persisted data retain the selected website provenance,trace+screenshot+network,0,none,e2e,NOT RUN,,
CTRL.CENSUS.0404,SF_PROD,owner_jose,Authenticated workspace; seeded state matching the control,component,src/components/interviews-workspace.tsx:277:input:1,Exercise input and verify its documented behavior,Expected state transition occurs once; rendered and persisted data retain the selected website provenance,trace+screenshot+network,0,none,e2e,NOT RUN,,
CTRL.CENSUS.0405,SF_PROD,owner_jose,Authenticated workspace; seeded state matching the control,component,src/components/interviews-workspace.tsx:277:onChange:2,Exercise onChange and verify its documented behavior,Expected state transition occurs once; rendered and persisted data retain the selected website provenance,trace+screenshot+network,0,none,e2e,NOT RUN,,
CTRL.CENSUS.0406,SF_PROD,owner_jose,Authenticated workspace; seeded state matching the control,component,src/components/interviews-workspace.tsx:277:button:3,Exercise button and verify its documented behavior,Expected state transition occurs once; rendered and persisted data retain the selected website provenance,trace+screenshot+network,0,none,e2e,NOT RUN,,
CTRL.CENSUS.0407,SF_PROD,owner_jose,Authenticated workspace; seeded state matching the control,component,src/components/interviews-workspace.tsx:277:onClick:4,Exercise onClick and verify its documented behavior,Expected state transition occurs once; rendered and persisted data retain the selected website provenance,trace+screenshot+network,0,none,e2e,NOT RUN,,
CTRL.CENSUS.0408,STG_DISPOSABLE,owner_jose,Authenticated workspace; seeded state matching the control,component,src/components/interviews-workspace.tsx:283:textarea:1,Exercise textarea and verify its documented behavior,Expected state transition occurs once; rendered and persisted data retain the selected website provenance,trace+network+database+cleanup,1,Restore disposable fixture,integration+e2e,NOT RUN,,
CTRL.CENSUS.0409,STG_DISPOSABLE,owner_jose,Authenticated workspace; seeded state matching the control,component,src/components/interviews-workspace.tsx:283:onChange:2,Exercise onChange and verify its documented behavior,Expected state transition occurs once; rendered and persisted data retain the selected website provenance,trace+network+database+cleanup,1,Restore disposable fixture,integration+e2e,NOT RUN,,
CTRL.CENSUS.0410,STG_DISPOSABLE,owner_jose,Authenticated workspace; seeded state matching the control,component,src/components/interviews-workspace.tsx:284:button:1,Exercise button and verify its documented behavior,Expected state transition occurs once; rendered and persisted data retain the selected website provenance,trace+network+database+cleanup,1,Restore disposable fixture,integration+e2e,NOT RUN,,
CTRL.CENSUS.0411,STG_DISPOSABLE,owner_jose,Authenticated workspace; seeded state matching the control,component,src/components/interviews-workspace.tsx:284:onClick:2,Exercise onClick and verify its documented behavior,Expected state transition occurs once; rendered and persisted data retain the selected website provenance,trace+network+database+cleanup,1,Restore disposable fixture,integration+e2e,NOT RUN,,
CTRL.CENSUS.0412,STG_DISPOSABLE,owner_jose,Authenticated workspace; seeded state matching the control,component,src/components/interviews-workspace.tsx:285:button:1,Exercise button and verify its documented behavior,Expected state transition occurs once; rendered and persisted data retain the selected website provenance,trace+network+database+cleanup,1,Restore disposable fixture,integration+e2e,NOT RUN,,
CTRL.CENSUS.0413,STG_DISPOSABLE,owner_jose,Authenticated workspace; seeded state matching the control,component,src/components/interviews-workspace.tsx:285:onClick:2,Exercise onClick and verify its documented behavior,Expected state transition occurs once; rendered and persisted data retain the selected website provenance,trace+network+database+cleanup,1,Restore disposable fixture,integration+e2e,NOT RUN,,
CTRL.CENSUS.0414,STG_DISPOSABLE,owner_jose,Authenticated workspace; seeded state matching the control,component,src/components/interviews-workspace.tsx:285:button:3,Exercise button and verify its documented behavior,Expected state transition occurs once; rendered and persisted data retain the selected website provenance,trace+network+database+cleanup,1,Restore disposable fixture,integration+e2e,NOT RUN,,
CTRL.CENSUS.0415,STG_DISPOSABLE,owner_jose,Authenticated workspace; seeded state matching the control,component,src/components/interviews-workspace.tsx:285:onClick:4,Exercise onClick and verify its documented behavior,Expected state transition occurs once; rendered and persisted data retain the selected website provenance,trace+network+database+cleanup,1,Restore disposable fixture,integration+e2e,NOT RUN,,
CTRL.CENSUS.0416,STG_DISPOSABLE,owner_jose,Authenticated workspace; seeded state matching the control,component,src/components/interviews-workspace.tsx:290:button:1,Exercise button and verify its documented behavior,Expected state transition occurs once; rendered and persisted data retain the selected website provenance,trace+network+database+cleanup,1,Restore disposable fixture,integration+e2e,NOT RUN,,
CTRL.CENSUS.0417,STG_DISPOSABLE,owner_jose,Authenticated workspace; seeded state matching the control,component,src/components/interviews-workspace.tsx:290:onClick:2,Exercise onClick and verify its documented behavior,Expected state transition occurs once; rendered and persisted data retain the selected website provenance,trace+network+database+cleanup,1,Restore disposable fixture,integration+e2e,NOT RUN,,
CTRL.CENSUS.0418,STG_DISPOSABLE,owner_jose,Authenticated workspace; seeded state matching the control,component,src/components/interviews-workspace.tsx:294:button:1,Exercise button and verify its documented behavior,Expected state transition occurs once; rendered and persisted data retain the selected website provenance,trace+network+database+cleanup,3,Restore disposable fixture,integration+e2e,NOT RUN,,
CTRL.CENSUS.0419,STG_DISPOSABLE,owner_jose,Authenticated workspace; seeded state matching the control,component,src/components/interviews-workspace.tsx:294:onClick:2,Exercise onClick and verify its documented behavior,Expected state transition occurs once; rendered and persisted data retain the selected website provenance,trace+network+database+cleanup,3,Restore disposable fixture,integration+e2e,NOT RUN,,
CTRL.CENSUS.0420,STG_DISPOSABLE,owner_jose,Authenticated workspace; seeded state matching the control,component,src/components/interviews-workspace.tsx:294:button:3,Exercise button and verify its documented behavior,Expected state transition occurs once; rendered and persisted data retain the selected website provenance,trace+network+database+cleanup,3,Restore disposable fixture,integration+e2e,NOT RUN,,
CTRL.CENSUS.0421,STG_DISPOSABLE,owner_jose,Authenticated workspace; seeded state matching the control,component,src/components/interviews-workspace.tsx:294:onClick:4,Exercise onClick and verify its documented behavior,Expected state transition occurs once; rendered and persisted data retain the selected website provenance,trace+network+database+cleanup,3,Restore disposable fixture,integration+e2e,NOT RUN,,
CTRL.CENSUS.0422,STG_DISPOSABLE,owner_jose,Authenticated workspace; seeded state matching the control,component,src/components/interviews-workspace.tsx:294:button:5,Exercise button and verify its documented behavior,Expected state transition occurs once; rendered and persisted data retain the selected website provenance,trace+network+database+cleanup,3,Restore disposable fixture,integration+e2e,NOT RUN,,
CTRL.CENSUS.0423,STG_DISPOSABLE,owner_jose,Authenticated workspace; seeded state matching the control,component,src/components/interviews-workspace.tsx:294:onClick:6,Exercise onClick and verify its documented behavior,Expected state transition occurs once; rendered and persisted data retain the selected website provenance,trace+network+database+cleanup,3,Restore disposable fixture,integration+e2e,NOT RUN,,
CTRL.CENSUS.0424,STG_DISPOSABLE,owner_jose,Authenticated workspace; seeded state matching the control,component,src/components/interviews-workspace.tsx:295:button:1,Exercise button and verify its documented behavior,Expected state transition occurs once; rendered and persisted data retain the selected website provenance,trace+network+database+cleanup,3,Restore disposable fixture,integration+e2e,NOT RUN,,
CTRL.CENSUS.0425,STG_DISPOSABLE,owner_jose,Authenticated workspace; seeded state matching the control,component,src/components/interviews-workspace.tsx:295:onClick:2,Exercise onClick and verify its documented behavior,Expected state transition occurs once; rendered and persisted data retain the selected website provenance,trace+network+database+cleanup,3,Restore disposable fixture,integration+e2e,NOT RUN,,
CTRL.CENSUS.0426,STG_DISPOSABLE,owner_jose,Authenticated workspace; seeded state matching the control,component,src/components/interviews-workspace.tsx:295:button:3,Exercise button and verify its documented behavior,Expected state transition occurs once; rendered and persisted data retain the selected website provenance,trace+network+database+cleanup,3,Restore disposable fixture,integration+e2e,NOT RUN,,
CTRL.CENSUS.0427,STG_DISPOSABLE,owner_jose,Authenticated workspace; seeded state matching the control,component,src/components/interviews-workspace.tsx:295:onClick:4,Exercise onClick and verify its documented behavior,Expected state transition occurs once; rendered and persisted data retain the selected website provenance,trace+network+database+cleanup,3,Restore disposable fixture,integration+e2e,NOT RUN,,
CTRL.CENSUS.0428,STG_DISPOSABLE,owner_jose,Authenticated workspace; seeded state matching the control,component,src/components/interviews-workspace.tsx:302:button:1,Exercise button and verify its documented behavior,Expected state transition occurs once; rendered and persisted data retain the selected website provenance,trace+network+database+cleanup,1,Restore disposable fixture,integration+e2e,NOT RUN,,
CTRL.CENSUS.0429,STG_DISPOSABLE,owner_jose,Authenticated workspace; seeded state matching the control,component,src/components/interviews-workspace.tsx:302:onClick:2,Exercise onClick and verify its documented behavior,Expected state transition occurs once; rendered and persisted data retain the selected website provenance,trace+network+database+cleanup,1,Restore disposable fixture,integration+e2e,NOT RUN,,
CTRL.CENSUS.0430,STG_DISPOSABLE,owner_jose,Authenticated workspace; seeded state matching the control,component,src/components/interviews-workspace.tsx:302:button:3,Exercise button and verify its documented behavior,Expected state transition occurs once; rendered and persisted data retain the selected website provenance,trace+network+database+cleanup,1,Restore disposable fixture,integration+e2e,NOT RUN,,
CTRL.CENSUS.0431,STG_DISPOSABLE,owner_jose,Authenticated workspace; seeded state matching the control,component,src/components/interviews-workspace.tsx:302:onClick:4,Exercise onClick and verify its documented behavior,Expected state transition occurs once; rendered and persisted data retain the selected website provenance,trace+network+database+cleanup,1,Restore disposable fixture,integration+e2e,NOT RUN,,
CTRL.CENSUS.0432,STG_DISPOSABLE,owner_jose,Authenticated workspace; seeded state matching the control,component,src/components/interviews-workspace.tsx:302:button:5,Exercise button and verify its documented behavior,Expected state transition occurs once; rendered and persisted data retain the selected website provenance,trace+network+database+cleanup,1,Restore disposable fixture,integration+e2e,NOT RUN,,
CTRL.CENSUS.0433,STG_DISPOSABLE,owner_jose,Authenticated workspace; seeded state matching the control,component,src/components/interviews-workspace.tsx:302:onClick:6,Exercise onClick and verify its documented behavior,Expected state transition occurs once; rendered and persisted data retain the selected website provenance,trace+network+database+cleanup,1,Restore disposable fixture,integration+e2e,NOT RUN,,
CTRL.CENSUS.0434,STG_DISPOSABLE,owner_jose,Authenticated workspace; seeded state matching the control,component,src/components/interviews-workspace.tsx:303:button:1,Exercise button and verify its documented behavior,Expected state transition occurs once; rendered and persisted data retain the selected website provenance,trace+network+database+cleanup,1,Restore disposable fixture,integration+e2e,NOT RUN,,
CTRL.CENSUS.0435,STG_DISPOSABLE,owner_jose,Authenticated workspace; seeded state matching the control,component,src/components/interviews-workspace.tsx:303:onClick:2,Exercise onClick and verify its documented behavior,Expected state transition occurs once; rendered and persisted data retain the selected website provenance,trace+network+database+cleanup,1,Restore disposable fixture,integration+e2e,NOT RUN,,
CTRL.CENSUS.0436,STG_DISPOSABLE,owner_jose,Authenticated workspace; seeded state matching the control,component,src/components/interviews-workspace.tsx:306:button:1,Exercise button and verify its documented behavior,Expected state transition occurs once; rendered and persisted data retain the selected website provenance,trace+network+database+cleanup,1,Restore disposable fixture,integration+e2e,NOT RUN,,
CTRL.CENSUS.0437,STG_DISPOSABLE,owner_jose,Authenticated workspace; seeded state matching the control,component,src/components/interviews-workspace.tsx:306:onClick:2,Exercise onClick and verify its documented behavior,Expected state transition occurs once; rendered and persisted data retain the selected website provenance,trace+network+database+cleanup,1,Restore disposable fixture,integration+e2e,NOT RUN,,
CTRL.CENSUS.0438,STG_DISPOSABLE,owner_jose,Authenticated workspace; seeded state matching the control,component,src/components/keyword-content-plan.tsx:37:Link:1,Exercise Link and verify its documented behavior,Expected state transition occurs once; rendered and persisted data retain the selected website provenance,trace+network+database+cleanup,1,Restore disposable fixture,integration+e2e,NOT RUN,,
CTRL.CENSUS.0439,STG_DISPOSABLE,owner_jose,Authenticated workspace; seeded state matching the control,component,src/components/keyword-content-plan.tsx:37:Link:2,Exercise Link and verify its documented behavior,Expected state transition occurs once; rendered and persisted data retain the selected website provenance,trace+network+database+cleanup,1,Restore disposable fixture,integration+e2e,NOT RUN,,
CTRL.CENSUS.0440,STG_DISPOSABLE,owner_jose,Authenticated workspace; seeded state matching the control,component,src/components/keyword-content-plan.tsx:37:button:3,Exercise button and verify its documented behavior,Expected state transition occurs once; rendered and persisted data retain the selected website provenance,trace+network+database+cleanup,1,Restore disposable fixture,integration+e2e,NOT RUN,,
CTRL.CENSUS.0441,STG_DISPOSABLE,owner_jose,Authenticated workspace; seeded state matching the control,component,src/components/keyword-content-plan.tsx:37:onClick:4,Exercise onClick and verify its documented behavior,Expected state transition occurs once; rendered and persisted data retain the selected website provenance,trace+network+database+cleanup,1,Restore disposable fixture,integration+e2e,NOT RUN,,
CTRL.CENSUS.0442,SF_PROD,owner_jose,Authenticated workspace; seeded state matching the control,component,src/components/keyword-research-workspace.tsx:56:button:1,Exercise button and verify its documented behavior,Expected state transition occurs once; rendered and persisted data retain the selected website provenance,trace+screenshot+network,0,none,e2e,NOT RUN,,
CTRL.CENSUS.0443,SF_PROD,owner_jose,Authenticated workspace; seeded state matching the control,component,src/components/keyword-research-workspace.tsx:56:onClick:2,Exercise onClick and verify its documented behavior,Expected state transition occurs once; rendered and persisted data retain the selected website provenance,trace+screenshot+network,0,none,e2e,NOT RUN,,
CTRL.CENSUS.0444,SF_PROD,owner_jose,Authenticated workspace; seeded state matching the control,component,src/components/keyword-research-workspace.tsx:87:button:1,Exercise button and verify its documented behavior,Expected state transition occurs once; rendered and persisted data retain the selected website provenance,trace+screenshot+network,0,none,e2e,NOT RUN,,
CTRL.CENSUS.0445,SF_PROD,owner_jose,Authenticated workspace; seeded state matching the control,component,src/components/keyword-research-workspace.tsx:87:onClick:2,Exercise onClick and verify its documented behavior,Expected state transition occurs once; rendered and persisted data retain the selected website provenance,trace+screenshot+network,0,none,e2e,NOT RUN,,
CTRL.CENSUS.0446,SF_PROD,owner_jose,Authenticated workspace; seeded state matching the control,component,src/components/keyword-research-workspace.tsx:88:button:1,Exercise button and verify its documented behavior,Expected state transition occurs once; rendered and persisted data retain the selected website provenance,trace+screenshot+network,0,none,e2e,NOT RUN,,
CTRL.CENSUS.0447,SF_PROD,owner_jose,Authenticated workspace; seeded state matching the control,component,src/components/keyword-research-workspace.tsx:88:onClick:2,Exercise onClick and verify its documented behavior,Expected state transition occurs once; rendered and persisted data retain the selected website provenance,trace+screenshot+network,0,none,e2e,NOT RUN,,
CTRL.CENSUS.0448,SF_PROD,owner_jose,Authenticated workspace; seeded state matching the control,component,src/components/keyword-research-workspace.tsx:341:form:1,Exercise form and verify its documented behavior,Expected state transition occurs once; rendered and persisted data retain the selected website provenance,trace+screenshot+network,0,none,e2e,NOT RUN,,
CTRL.CENSUS.0449,SF_PROD,owner_jose,Authenticated workspace; seeded state matching the control,component,src/components/keyword-research-workspace.tsx:341:onSubmit:2,Exercise onSubmit and verify its documented behavior,Expected state transition occurs once; rendered and persisted data retain the selected website provenance,trace+screenshot+network,0,none,e2e,NOT RUN,,
CTRL.CENSUS.0450,SF_PROD,owner_jose,Authenticated workspace; seeded state matching the control,component,src/components/keyword-research-workspace.tsx:343:button:1,Exercise button and verify its documented behavior,Expected state transition occurs once; rendered and persisted data retain the selected website provenance,trace+screenshot+network,0,none,e2e,NOT RUN,,
CTRL.CENSUS.0451,SF_PROD,owner_jose,Authenticated workspace; seeded state matching the control,component,src/components/keyword-research-workspace.tsx:343:onClick:2,Exercise onClick and verify its documented behavior,Expected state transition occurs once; rendered and persisted data retain the selected website provenance,trace+screenshot+network,0,none,e2e,NOT RUN,,
CTRL.CENSUS.0452,SF_PROD,owner_jose,Authenticated workspace; seeded state matching the control,component,src/components/keyword-research-workspace.tsx:344:button:1,Exercise button and verify its documented behavior,Expected state transition occurs once; rendered and persisted data retain the selected website provenance,trace+screenshot+network,0,none,e2e,NOT RUN,,
CTRL.CENSUS.0453,SF_PROD,owner_jose,Authenticated workspace; seeded state matching the control,component,src/components/keyword-research-workspace.tsx:344:onClick:2,Exercise onClick and verify its documented behavior,Expected state transition occurs once; rendered and persisted data retain the selected website provenance,trace+screenshot+network,0,none,e2e,NOT RUN,,
CTRL.CENSUS.0454,SF_PROD,owner_jose,Authenticated workspace; seeded state matching the control,component,src/components/keyword-research-workspace.tsx:346:input:1,Exercise input and verify its documented behavior,Expected state transition occurs once; rendered and persisted data retain the selected website provenance,trace+screenshot+network,0,none,e2e,NOT RUN,,
CTRL.CENSUS.0455,SF_PROD,owner_jose,Authenticated workspace; seeded state matching the control,component,src/components/keyword-research-workspace.tsx:346:onChange:2,Exercise onChange and verify its documented behavior,Expected state transition occurs once; rendered and persisted data retain the selected website provenance,trace+screenshot+network,0,none,e2e,NOT RUN,,
CTRL.CENSUS.0456,SF_PROD,owner_jose,Authenticated workspace; seeded state matching the control,component,src/components/keyword-research-workspace.tsx:348:button:1,Exercise button and verify its documented behavior,Expected state transition occurs once; rendered and persisted data retain the selected website provenance,trace+screenshot+network,0,none,e2e,NOT RUN,,
CTRL.CENSUS.0457,STG_DISPOSABLE,owner_jose,Authenticated workspace; seeded state matching the control,component,src/components/keyword-research-workspace.tsx:357:button:1,Exercise button and verify its documented behavior,Expected state transition occurs once; rendered and persisted data retain the selected website provenance,trace+network+database+cleanup,1,Restore disposable fixture,integration+e2e,NOT RUN,,
CTRL.CENSUS.0458,STG_DISPOSABLE,owner_jose,Authenticated workspace; seeded state matching the control,component,src/components/keyword-research-workspace.tsx:357:onClick:2,Exercise onClick and verify its documented behavior,Expected state transition occurs once; rendered and persisted data retain the selected website provenance,trace+network+database+cleanup,1,Restore disposable fixture,integration+e2e,NOT RUN,,
CTRL.CENSUS.0459,STG_DISPOSABLE,owner_jose,Authenticated workspace; seeded state matching the control,component,src/components/keyword-research-workspace.tsx:378:button:1,Exercise button and verify its documented behavior,Expected state transition occurs once; rendered and persisted data retain the selected website provenance,trace+network+database+cleanup,1,Restore disposable fixture,integration+e2e,NOT RUN,,
CTRL.CENSUS.0460,STG_DISPOSABLE,owner_jose,Authenticated workspace; seeded state matching the control,component,src/components/keyword-research-workspace.tsx:378:onClick:2,Exercise onClick and verify its documented behavior,Expected state transition occurs once; rendered and persisted data retain the selected website provenance,trace+network+database+cleanup,1,Restore disposable fixture,integration+e2e,NOT RUN,,
CTRL.CENSUS.0461,STG_DISPOSABLE,owner_jose,Authenticated workspace; seeded state matching the control,component,src/components/keyword-research-workspace.tsx:385:input:1,Exercise input and verify its documented behavior,Expected state transition occurs once; rendered and persisted data retain the selected website provenance,trace+network+database+cleanup,1,Restore disposable fixture,integration+e2e,NOT RUN,,
CTRL.CENSUS.0462,STG_DISPOSABLE,owner_jose,Authenticated workspace; seeded state matching the control,component,src/components/keyword-research-workspace.tsx:385:onChange:2,Exercise onChange and verify its documented behavior,Expected state transition occurs once; rendered and persisted data retain the selected website provenance,trace+network+database+cleanup,1,Restore disposable fixture,integration+e2e,NOT RUN,,
CTRL.CENSUS.0463,STG_DISPOSABLE,owner_jose,Authenticated workspace; seeded state matching the control,component,src/components/keyword-research-workspace.tsx:386:select:1,Exercise select and verify its documented behavior,Expected state transition occurs once; rendered and persisted data retain the selected website provenance,trace+network+database+cleanup,1,Restore disposable fixture,integration+e2e,NOT RUN,,
CTRL.CENSUS.0464,STG_DISPOSABLE,owner_jose,Authenticated workspace; seeded state matching the control,component,src/components/keyword-research-workspace.tsx:386:onChange:2,Exercise onChange and verify its documented behavior,Expected state transition occurs once; rendered and persisted data retain the selected website provenance,trace+network+database+cleanup,1,Restore disposable fixture,integration+e2e,NOT RUN,,
CTRL.CENSUS.0465,SF_PROD,owner_jose,Authenticated workspace; seeded state matching the control,component,src/components/keyword-research-workspace.tsx:391:a:1,Exercise a and verify its documented behavior,Expected state transition occurs once; rendered and persisted data retain the selected website provenance,trace+screenshot+network,0,none,e2e,NOT RUN,,
CTRL.CENSUS.0466,SF_PROD,owner_jose,Authenticated workspace; seeded state matching the control,component,src/components/keyword-research-workspace.tsx:393:button:1,Exercise button and verify its documented behavior,Expected state transition occurs once; rendered and persisted data retain the selected website provenance,trace+screenshot+network,0,none,e2e,NOT RUN,,
CTRL.CENSUS.0467,SF_PROD,owner_jose,Authenticated workspace; seeded state matching the control,component,src/components/keyword-research-workspace.tsx:393:onClick:2,Exercise onClick and verify its documented behavior,Expected state transition occurs once; rendered and persisted data retain the selected website provenance,trace+screenshot+network,0,none,e2e,NOT RUN,,
CTRL.CENSUS.0468,STG_DISPOSABLE,owner_jose,Authenticated workspace; seeded state matching the control,component,src/components/keyword-research-workspace.tsx:394:button:1,Exercise button and verify its documented behavior,Expected state transition occurs once; rendered and persisted data retain the selected website provenance,trace+network+database+cleanup,1,Restore disposable fixture,integration+e2e,NOT RUN,,
CTRL.CENSUS.0469,STG_DISPOSABLE,owner_jose,Authenticated workspace; seeded state matching the control,component,src/components/keyword-research-workspace.tsx:395:button:1,Exercise button and verify its documented behavior,Expected state transition occurs once; rendered and persisted data retain the selected website provenance,trace+network+database+cleanup,1,Restore disposable fixture,integration+e2e,NOT RUN,,
CTRL.CENSUS.0470,STG_DISPOSABLE,owner_jose,Authenticated workspace; seeded state matching the control,component,src/components/keyword-research-workspace.tsx:395:onClick:2,Exercise onClick and verify its documented behavior,Expected state transition occurs once; rendered and persisted data retain the selected website provenance,trace+network+database+cleanup,1,Restore disposable fixture,integration+e2e,NOT RUN,,
CTRL.CENSUS.0471,STG_DISPOSABLE,owner_jose,Authenticated workspace; seeded state matching the control,component,src/components/keyword-research-workspace.tsx:396:button:1,Exercise button and verify its documented behavior,Expected state transition occurs once; rendered and persisted data retain the selected website provenance,trace+network+database+cleanup,1,Restore disposable fixture,integration+e2e,NOT RUN,,
CTRL.CENSUS.0472,STG_DISPOSABLE,owner_jose,Authenticated workspace; seeded state matching the control,component,src/components/keyword-research-workspace.tsx:396:onClick:2,Exercise onClick and verify its documented behavior,Expected state transition occurs once; rendered and persisted data retain the selected website provenance,trace+network+database+cleanup,1,Restore disposable fixture,integration+e2e,NOT RUN,,
CTRL.CENSUS.0473,STG_DISPOSABLE,owner_jose,Authenticated workspace; seeded state matching the control,component,src/components/keyword-research-workspace.tsx:396:button:3,Exercise button and verify its documented behavior,Expected state transition occurs once; rendered and persisted data retain the selected website provenance,trace+network+database+cleanup,1,Restore disposable fixture,integration+e2e,NOT RUN,,
CTRL.CENSUS.0474,STG_DISPOSABLE,owner_jose,Authenticated workspace; seeded state matching the control,component,src/components/keyword-research-workspace.tsx:396:onClick:4,Exercise onClick and verify its documented behavior,Expected state transition occurs once; rendered and persisted data retain the selected website provenance,trace+network+database+cleanup,1,Restore disposable fixture,integration+e2e,NOT RUN,,
CTRL.CENSUS.0475,SF_PROD,owner_jose,Authenticated workspace; seeded state matching the control,component,src/components/keyword-research-workspace.tsx:398:button:1,Exercise button and verify its documented behavior,Expected state transition occurs once; rendered and persisted data retain the selected website provenance,trace+screenshot+network,0,none,e2e,NOT RUN,,
CTRL.CENSUS.0476,SF_PROD,owner_jose,Authenticated workspace; seeded state matching the control,component,src/components/keyword-research-workspace.tsx:398:onClick:2,Exercise onClick and verify its documented behavior,Expected state transition occurs once; rendered and persisted data retain the selected website provenance,trace+screenshot+network,0,none,e2e,NOT RUN,,
CTRL.CENSUS.0477,STG_DISPOSABLE,owner_jose,Authenticated workspace; seeded state matching the control,component,src/components/keyword-serp-insights.tsx:35:button:1,Exercise button and verify its documented behavior,Expected state transition occurs once; rendered and persisted data retain the selected website provenance,trace+network+database+cleanup,1,Restore disposable fixture,integration+e2e,NOT RUN,,
CTRL.CENSUS.0478,STG_DISPOSABLE,owner_jose,Authenticated workspace; seeded state matching the control,component,src/components/keyword-serp-insights.tsx:35:onClick:2,Exercise onClick and verify its documented behavior,Expected state transition occurs once; rendered and persisted data retain the selected website provenance,trace+network+database+cleanup,1,Restore disposable fixture,integration+e2e,NOT RUN,,
CTRL.CENSUS.0479,STG_DISPOSABLE,owner_jose,Authenticated workspace; seeded state matching the control,component,src/components/keyword-serp-insights.tsx:52:button:1,Exercise button and verify its documented behavior,Expected state transition occurs once; rendered and persisted data retain the selected website provenance,trace+network+database+cleanup,1,Restore disposable fixture,integration+e2e,NOT RUN,,
CTRL.CENSUS.0480,STG_DISPOSABLE,owner_jose,Authenticated workspace; seeded state matching the control,component,src/components/keyword-serp-insights.tsx:52:onClick:2,Exercise onClick and verify its documented behavior,Expected state transition occurs once; rendered and persisted data retain the selected website provenance,trace+network+database+cleanup,1,Restore disposable fixture,integration+e2e,NOT RUN,,
CTRL.CENSUS.0481,SF_PROD,owner_jose,Authenticated workspace; seeded state matching the control,component,src/components/keyword-serp-insights.tsx:80:button:1,Exercise button and verify its documented behavior,Expected state transition occurs once; rendered and persisted data retain the selected website provenance,trace+screenshot+network,0,none,e2e,NOT RUN,,
CTRL.CENSUS.0482,SF_PROD,owner_jose,Authenticated workspace; seeded state matching the control,component,src/components/keyword-serp-insights.tsx:80:onClick:2,Exercise onClick and verify its documented behavior,Expected state transition occurs once; rendered and persisted data retain the selected website provenance,trace+screenshot+network,0,none,e2e,NOT RUN,,
CTRL.CENSUS.0483,SF_PROD,owner_jose,Authenticated workspace; seeded state matching the control,component,src/components/keyword-serp-insights.tsx:82:button:1,Exercise button and verify its documented behavior,Expected state transition occurs once; rendered and persisted data retain the selected website provenance,trace+screenshot+network,0,none,e2e,NOT RUN,,
CTRL.CENSUS.0484,SF_PROD,owner_jose,Authenticated workspace; seeded state matching the control,component,src/components/keyword-serp-insights.tsx:82:onClick:2,Exercise onClick and verify its documented behavior,Expected state transition occurs once; rendered and persisted data retain the selected website provenance,trace+screenshot+network,0,none,e2e,NOT RUN,,
CTRL.CENSUS.0485,STG_DISPOSABLE,owner_jose,Authenticated workspace; seeded state matching the control,component,src/components/keyword-serp-insights.tsx:85:a:1,Exercise a and verify its documented behavior,Expected state transition occurs once; rendered and persisted data retain the selected website provenance,trace+network+database+cleanup,1,Restore disposable fixture,integration+e2e,NOT RUN,,
CTRL.CENSUS.0486,STG_DISPOSABLE,owner_jose,Authenticated workspace; seeded state matching the control,component,src/components/keyword-serp-insights.tsx:113:select:1,Exercise select and verify its documented behavior,Expected state transition occurs once; rendered and persisted data retain the selected website provenance,trace+network+database+cleanup,1,Restore disposable fixture,integration+e2e,NOT RUN,,
CTRL.CENSUS.0487,STG_DISPOSABLE,owner_jose,Authenticated workspace; seeded state matching the control,component,src/components/keyword-serp-insights.tsx:113:onChange:2,Exercise onChange and verify its documented behavior,Expected state transition occurs once; rendered and persisted data retain the selected website provenance,trace+network+database+cleanup,1,Restore disposable fixture,integration+e2e,NOT RUN,,
CTRL.CENSUS.0488,STG_DISPOSABLE,owner_jose,Authenticated workspace; seeded state matching the control,component,src/components/keyword-serp-insights.tsx:114:input:1,Exercise input and verify its documented behavior,Expected state transition occurs once; rendered and persisted data retain the selected website provenance,trace+network+database+cleanup,1,Restore disposable fixture,integration+e2e,NOT RUN,,
CTRL.CENSUS.0489,STG_DISPOSABLE,owner_jose,Authenticated workspace; seeded state matching the control,component,src/components/keyword-serp-insights.tsx:114:onChange:2,Exercise onChange and verify its documented behavior,Expected state transition occurs once; rendered and persisted data retain the selected website provenance,trace+network+database+cleanup,1,Restore disposable fixture,integration+e2e,NOT RUN,,
CTRL.CENSUS.0490,STG_DISPOSABLE,owner_jose,Authenticated workspace; seeded state matching the control,component,src/components/keyword-serp-insights.tsx:115:button:1,Exercise button and verify its documented behavior,Expected state transition occurs once; rendered and persisted data retain the selected website provenance,trace+network+database+cleanup,1,Restore disposable fixture,integration+e2e,NOT RUN,,
CTRL.CENSUS.0491,STG_DISPOSABLE,owner_jose,Authenticated workspace; seeded state matching the control,component,src/components/keyword-serp-insights.tsx:115:onClick:2,Exercise onClick and verify its documented behavior,Expected state transition occurs once; rendered and persisted data retain the selected website provenance,trace+network+database+cleanup,1,Restore disposable fixture,integration+e2e,NOT RUN,,
CTRL.CENSUS.0492,STG_DISPOSABLE,owner_jose,Authenticated workspace; seeded state matching the control,component,src/components/keyword-serp-insights.tsx:115:button:3,Exercise button and verify its documented behavior,Expected state transition occurs once; rendered and persisted data retain the selected website provenance,trace+network+database+cleanup,1,Restore disposable fixture,integration+e2e,NOT RUN,,
CTRL.CENSUS.0493,STG_DISPOSABLE,owner_jose,Authenticated workspace; seeded state matching the control,component,src/components/keyword-serp-insights.tsx:115:onClick:4,Exercise onClick and verify its documented behavior,Expected state transition occurs once; rendered and persisted data retain the selected website provenance,trace+network+database+cleanup,1,Restore disposable fixture,integration+e2e,NOT RUN,,
CTRL.CENSUS.0494,STG_DISPOSABLE,owner_jose,Authenticated workspace; seeded state matching the control,component,src/components/keyword-serp-insights.tsx:116:form:1,Exercise form and verify its documented behavior,Expected state transition occurs once; rendered and persisted data retain the selected website provenance,trace+network+database+cleanup,1,Restore disposable fixture,integration+e2e,NOT RUN,,
CTRL.CENSUS.0495,STG_DISPOSABLE,owner_jose,Authenticated workspace; seeded state matching the control,component,src/components/keyword-serp-insights.tsx:116:onSubmit:2,Exercise onSubmit and verify its documented behavior,Expected state transition occurs once; rendered and persisted data retain the selected website provenance,trace+network+database+cleanup,1,Restore disposable fixture,integration+e2e,NOT RUN,,
CTRL.CENSUS.0496,STG_DISPOSABLE,owner_jose,Authenticated workspace; seeded state matching the control,component,src/components/keyword-serp-insights.tsx:116:input:3,Exercise input and verify its documented behavior,Expected state transition occurs once; rendered and persisted data retain the selected website provenance,trace+network+database+cleanup,1,Restore disposable fixture,integration+e2e,NOT RUN,,
CTRL.CENSUS.0497,STG_DISPOSABLE,owner_jose,Authenticated workspace; seeded state matching the control,component,src/components/keyword-serp-insights.tsx:116:onChange:4,Exercise onChange and verify its documented behavior,Expected state transition occurs once; rendered and persisted data retain the selected website provenance,trace+network+database+cleanup,1,Restore disposable fixture,integration+e2e,NOT RUN,,
CTRL.CENSUS.0498,STG_DISPOSABLE,owner_jose,Authenticated workspace; seeded state matching the control,component,src/components/keyword-serp-insights.tsx:116:button:5,Exercise button and verify its documented behavior,Expected state transition occurs once; rendered and persisted data retain the selected website provenance,trace+network+database+cleanup,1,Restore disposable fixture,integration+e2e,NOT RUN,,
CTRL.CENSUS.0499,STG_DISPOSABLE,owner_jose,Authenticated workspace; seeded state matching the control,component,src/components/keyword-strategy-details.tsx:82:button:1,Exercise button and verify its documented behavior,Expected state transition occurs once; rendered and persisted data retain the selected website provenance,trace+network+database+cleanup,1,Restore disposable fixture,integration+e2e,NOT RUN,,
CTRL.CENSUS.0500,STG_DISPOSABLE,owner_jose,Authenticated workspace; seeded state matching the control,component,src/components/keyword-strategy-details.tsx:82:onClick:2,Exercise onClick and verify its documented behavior,Expected state transition occurs once; rendered and persisted data retain the selected website provenance,trace+network+database+cleanup,1,Restore disposable fixture,integration+e2e,NOT RUN,,
CTRL.CENSUS.0501,STG_DISPOSABLE,owner_jose,Authenticated workspace; seeded state matching the control,component,src/components/keyword-strategy-details.tsx:83:button:1,Exercise button and verify its documented behavior,Expected state transition occurs once; rendered and persisted data retain the selected website provenance,trace+network+database+cleanup,1,Restore disposable fixture,integration+e2e,NOT RUN,,
CTRL.CENSUS.0502,STG_DISPOSABLE,owner_jose,Authenticated workspace; seeded state matching the control,component,src/components/keyword-strategy-details.tsx:83:onClick:2,Exercise onClick and verify its documented behavior,Expected state transition occurs once; rendered and persisted data retain the selected website provenance,trace+network+database+cleanup,1,Restore disposable fixture,integration+e2e,NOT RUN,,
CTRL.CENSUS.0503,STG_DISPOSABLE,owner_jose,Authenticated workspace; seeded state matching the control,component,src/components/keyword-strategy-details.tsx:89:button:1,Exercise button and verify its documented behavior,Expected state transition occurs once; rendered and persisted data retain the selected website provenance,trace+network+database+cleanup,1,Restore disposable fixture,integration+e2e,NOT RUN,,
CTRL.CENSUS.0504,STG_DISPOSABLE,owner_jose,Authenticated workspace; seeded state matching the control,component,src/components/keyword-strategy-details.tsx:89:onClick:2,Exercise onClick and verify its documented behavior,Expected state transition occurs once; rendered and persisted data retain the selected website provenance,trace+network+database+cleanup,1,Restore disposable fixture,integration+e2e,NOT RUN,,
CTRL.CENSUS.0505,STG_DISPOSABLE,owner_jose,Authenticated workspace; seeded state matching the control,component,src/components/keyword-strategy-details.tsx:95:button:1,Exercise button and verify its documented behavior,Expected state transition occurs once; rendered and persisted data retain the selected website provenance,trace+network+database+cleanup,1,Restore disposable fixture,integration+e2e,NOT RUN,,
CTRL.CENSUS.0506,STG_DISPOSABLE,owner_jose,Authenticated workspace; seeded state matching the control,component,src/components/keyword-strategy-details.tsx:95:onClick:2,Exercise onClick and verify its documented behavior,Expected state transition occurs once; rendered and persisted data retain the selected website provenance,trace+network+database+cleanup,1,Restore disposable fixture,integration+e2e,NOT RUN,,
CTRL.CENSUS.0507,STG_DISPOSABLE,owner_jose,Authenticated workspace; seeded state matching the control,component,src/components/keyword-strategy-details.tsx:106:button:1,Exercise button and verify its documented behavior,Expected state transition occurs once; rendered and persisted data retain the selected website provenance,trace+network+database+cleanup,3,Restore disposable fixture,integration+e2e,NOT RUN,,
CTRL.CENSUS.0508,STG_DISPOSABLE,owner_jose,Authenticated workspace; seeded state matching the control,component,src/components/keyword-strategy-details.tsx:106:onClick:2,Exercise onClick and verify its documented behavior,Expected state transition occurs once; rendered and persisted data retain the selected website provenance,trace+network+database+cleanup,3,Restore disposable fixture,integration+e2e,NOT RUN,,
CTRL.CENSUS.0509,SF_PROD,owner_jose,Authenticated workspace; seeded state matching the control,component,src/components/keyword-strategy-review.tsx:14:a:1,Exercise a and verify its documented behavior,Expected state transition occurs once; rendered and persisted data retain the selected website provenance,trace+screenshot+network,0,none,e2e,NOT RUN,,
CTRL.CENSUS.0510,SF_PROD,owner_jose,Authenticated workspace; seeded state matching the control,component,src/components/keyword-strategy-review.tsx:14:onClick:2,Exercise onClick and verify its documented behavior,Expected state transition occurs once; rendered and persisted data retain the selected website provenance,trace+screenshot+network,0,none,e2e,NOT RUN,,
CTRL.CENSUS.0511,STG_DISPOSABLE,owner_jose,Authenticated workspace; seeded state matching the control,component,src/components/keyword-strategy-review.tsx:234:button:1,Exercise button and verify its documented behavior,Expected state transition occurs once; rendered and persisted data retain the selected website provenance,trace+network+database+cleanup,1,Restore disposable fixture,integration+e2e,NOT RUN,,
CTRL.CENSUS.0512,STG_DISPOSABLE,owner_jose,Authenticated workspace; seeded state matching the control,component,src/components/keyword-strategy-review.tsx:234:onClick:2,Exercise onClick and verify its documented behavior,Expected state transition occurs once; rendered and persisted data retain the selected website provenance,trace+network+database+cleanup,1,Restore disposable fixture,integration+e2e,NOT RUN,,
CTRL.CENSUS.0513,STG_DISPOSABLE,owner_jose,Authenticated workspace; seeded state matching the control,component,src/components/keyword-strategy-review.tsx:239:button:1,Exercise button and verify its documented behavior,Expected state transition occurs once; rendered and persisted data retain the selected website provenance,trace+network+database+cleanup,1,Restore disposable fixture,integration+e2e,NOT RUN,,
CTRL.CENSUS.0514,STG_DISPOSABLE,owner_jose,Authenticated workspace; seeded state matching the control,component,src/components/keyword-strategy-review.tsx:239:onClick:2,Exercise onClick and verify its documented behavior,Expected state transition occurs once; rendered and persisted data retain the selected website provenance,trace+network+database+cleanup,1,Restore disposable fixture,integration+e2e,NOT RUN,,
CTRL.CENSUS.0515,STG_DISPOSABLE,owner_jose,Authenticated workspace; seeded state matching the control,component,src/components/keyword-strategy-review.tsx:239:button:3,Exercise button and verify its documented behavior,Expected state transition occurs once; rendered and persisted data retain the selected website provenance,trace+network+database+cleanup,1,Restore disposable fixture,integration+e2e,NOT RUN,,
CTRL.CENSUS.0516,STG_DISPOSABLE,owner_jose,Authenticated workspace; seeded state matching the control,component,src/components/keyword-strategy-review.tsx:239:onClick:4,Exercise onClick and verify its documented behavior,Expected state transition occurs once; rendered and persisted data retain the selected website provenance,trace+network+database+cleanup,1,Restore disposable fixture,integration+e2e,NOT RUN,,
CTRL.CENSUS.0517,STG_DISPOSABLE,owner_jose,Authenticated workspace; seeded state matching the control,component,src/components/keyword-strategy-review.tsx:239:button:5,Exercise button and verify its documented behavior,Expected state transition occurs once; rendered and persisted data retain the selected website provenance,trace+network+database+cleanup,1,Restore disposable fixture,integration+e2e,NOT RUN,,
CTRL.CENSUS.0518,STG_DISPOSABLE,owner_jose,Authenticated workspace; seeded state matching the control,component,src/components/keyword-strategy-review.tsx:239:onClick:6,Exercise onClick and verify its documented behavior,Expected state transition occurs once; rendered and persisted data retain the selected website provenance,trace+network+database+cleanup,1,Restore disposable fixture,integration+e2e,NOT RUN,,
CTRL.CENSUS.0519,STG_DISPOSABLE,owner_jose,Authenticated workspace; seeded state matching the control,component,src/components/keyword-strategy-review.tsx:239:Link:7,Exercise Link and verify its documented behavior,Expected state transition occurs once; rendered and persisted data retain the selected website provenance,trace+network+database+cleanup,1,Restore disposable fixture,integration+e2e,NOT RUN,,
CTRL.CENSUS.0520,STG_DISPOSABLE,owner_jose,Authenticated workspace; seeded state matching the control,component,src/components/keyword-strategy-review.tsx:239:button:8,Exercise button and verify its documented behavior,Expected state transition occurs once; rendered and persisted data retain the selected website provenance,trace+network+database+cleanup,1,Restore disposable fixture,integration+e2e,NOT RUN,,
CTRL.CENSUS.0521,STG_DISPOSABLE,owner_jose,Authenticated workspace; seeded state matching the control,component,src/components/keyword-strategy-review.tsx:239:onClick:9,Exercise onClick and verify its documented behavior,Expected state transition occurs once; rendered and persisted data retain the selected website provenance,trace+network+database+cleanup,1,Restore disposable fixture,integration+e2e,NOT RUN,,
CTRL.CENSUS.0522,STG_DISPOSABLE,owner_jose,Authenticated workspace; seeded state matching the control,component,src/components/keyword-strategy-review.tsx:239:button:10,Exercise button and verify its documented behavior,Expected state transition occurs once; rendered and persisted data retain the selected website provenance,trace+network+database+cleanup,1,Restore disposable fixture,integration+e2e,NOT RUN,,
CTRL.CENSUS.0523,STG_DISPOSABLE,owner_jose,Authenticated workspace; seeded state matching the control,component,src/components/keyword-strategy-review.tsx:239:onClick:11,Exercise onClick and verify its documented behavior,Expected state transition occurs once; rendered and persisted data retain the selected website provenance,trace+network+database+cleanup,1,Restore disposable fixture,integration+e2e,NOT RUN,,
CTRL.CENSUS.0524,STG_DISPOSABLE,owner_jose,Authenticated workspace; seeded state matching the control,component,src/components/keyword-strategy-review.tsx:239:button:12,Exercise button and verify its documented behavior,Expected state transition occurs once; rendered and persisted data retain the selected website provenance,trace+network+database+cleanup,1,Restore disposable fixture,integration+e2e,NOT RUN,,
CTRL.CENSUS.0525,STG_DISPOSABLE,owner_jose,Authenticated workspace; seeded state matching the control,component,src/components/keyword-strategy-review.tsx:239:onClick:13,Exercise onClick and verify its documented behavior,Expected state transition occurs once; rendered and persisted data retain the selected website provenance,trace+network+database+cleanup,1,Restore disposable fixture,integration+e2e,NOT RUN,,
CTRL.CENSUS.0526,STG_DISPOSABLE,owner_jose,Authenticated workspace; seeded state matching the control,component,src/components/keyword-strategy-review.tsx:239:button:14,Exercise button and verify its documented behavior,Expected state transition occurs once; rendered and persisted data retain the selected website provenance,trace+network+database+cleanup,1,Restore disposable fixture,integration+e2e,NOT RUN,,
CTRL.CENSUS.0527,STG_DISPOSABLE,owner_jose,Authenticated workspace; seeded state matching the control,component,src/components/keyword-strategy-review.tsx:239:onClick:15,Exercise onClick and verify its documented behavior,Expected state transition occurs once; rendered and persisted data retain the selected website provenance,trace+network+database+cleanup,1,Restore disposable fixture,integration+e2e,NOT RUN,,
CTRL.CENSUS.0528,STG_DISPOSABLE,owner_jose,Authenticated workspace; seeded state matching the control,component,src/components/keyword-strategy-review.tsx:240:button:1,Exercise button and verify its documented behavior,Expected state transition occurs once; rendered and persisted data retain the selected website provenance,trace+network+database+cleanup,1,Restore disposable fixture,integration+e2e,NOT RUN,,
CTRL.CENSUS.0529,STG_DISPOSABLE,owner_jose,Authenticated workspace; seeded state matching the control,component,src/components/keyword-strategy-review.tsx:240:onClick:2,Exercise onClick and verify its documented behavior,Expected state transition occurs once; rendered and persisted data retain the selected website provenance,trace+network+database+cleanup,1,Restore disposable fixture,integration+e2e,NOT RUN,,
CTRL.CENSUS.0530,STG_DISPOSABLE,owner_jose,Authenticated workspace; seeded state matching the control,component,src/components/keyword-strategy-review.tsx:240:button:3,Exercise button and verify its documented behavior,Expected state transition occurs once; rendered and persisted data retain the selected website provenance,trace+network+database+cleanup,1,Restore disposable fixture,integration+e2e,NOT RUN,,
CTRL.CENSUS.0531,STG_DISPOSABLE,owner_jose,Authenticated workspace; seeded state matching the control,component,src/components/keyword-strategy-review.tsx:240:onClick:4,Exercise onClick and verify its documented behavior,Expected state transition occurs once; rendered and persisted data retain the selected website provenance,trace+network+database+cleanup,1,Restore disposable fixture,integration+e2e,NOT RUN,,
CTRL.CENSUS.0532,STG_DISPOSABLE,owner_jose,Authenticated workspace; seeded state matching the control,component,src/components/keyword-strategy-review.tsx:240:button:5,Exercise button and verify its documented behavior,Expected state transition occurs once; rendered and persisted data retain the selected website provenance,trace+network+database+cleanup,1,Restore disposable fixture,integration+e2e,NOT RUN,,
CTRL.CENSUS.0533,STG_DISPOSABLE,owner_jose,Authenticated workspace; seeded state matching the control,component,src/components/keyword-strategy-review.tsx:240:onClick:6,Exercise onClick and verify its documented behavior,Expected state transition occurs once; rendered and persisted data retain the selected website provenance,trace+network+database+cleanup,1,Restore disposable fixture,integration+e2e,NOT RUN,,
CTRL.CENSUS.0534,STG_DISPOSABLE,owner_jose,Authenticated workspace; seeded state matching the control,component,src/components/keyword-strategy-review.tsx:242:button:1,Exercise button and verify its documented behavior,Expected state transition occurs once; rendered and persisted data retain the selected website provenance,trace+network+database+cleanup,1,Restore disposable fixture,integration+e2e,NOT RUN,,
CTRL.CENSUS.0535,STG_DISPOSABLE,owner_jose,Authenticated workspace; seeded state matching the control,component,src/components/keyword-strategy-review.tsx:242:onClick:2,Exercise onClick and verify its documented behavior,Expected state transition occurs once; rendered and persisted data retain the selected website provenance,trace+network+database+cleanup,1,Restore disposable fixture,integration+e2e,NOT RUN,,
CTRL.CENSUS.0536,STG_DISPOSABLE,owner_jose,Authenticated workspace; seeded state matching the control,component,src/components/keyword-strategy-review.tsx:242:button:3,Exercise button and verify its documented behavior,Expected state transition occurs once; rendered and persisted data retain the selected website provenance,trace+network+database+cleanup,1,Restore disposable fixture,integration+e2e,NOT RUN,,
CTRL.CENSUS.0537,STG_DISPOSABLE,owner_jose,Authenticated workspace; seeded state matching the control,component,src/components/keyword-strategy-review.tsx:242:onClick:4,Exercise onClick and verify its documented behavior,Expected state transition occurs once; rendered and persisted data retain the selected website provenance,trace+network+database+cleanup,1,Restore disposable fixture,integration+e2e,NOT RUN,,
CTRL.CENSUS.0538,STG_DISPOSABLE,owner_jose,Authenticated workspace; seeded state matching the control,component,src/components/keyword-strategy-review.tsx:250:Link:1,Exercise Link and verify its documented behavior,Expected state transition occurs once; rendered and persisted data retain the selected website provenance,trace+network+database+cleanup,1,Restore disposable fixture,integration+e2e,NOT RUN,,
CTRL.CENSUS.0539,STG_DISPOSABLE,owner_jose,Authenticated workspace; seeded state matching the control,component,src/components/keyword-strategy-review.tsx:257:button:1,Exercise button and verify its documented behavior,Expected state transition occurs once; rendered and persisted data retain the selected website provenance,trace+network+database+cleanup,1,Restore disposable fixture,integration+e2e,NOT RUN,,
CTRL.CENSUS.0540,STG_DISPOSABLE,owner_jose,Authenticated workspace; seeded state matching the control,component,src/components/keyword-strategy-review.tsx:257:onClick:2,Exercise onClick and verify its documented behavior,Expected state transition occurs once; rendered and persisted data retain the selected website provenance,trace+network+database+cleanup,1,Restore disposable fixture,integration+e2e,NOT RUN,,
CTRL.CENSUS.0541,STG_DISPOSABLE,owner_jose,Authenticated workspace; seeded state matching the control,component,src/components/keyword-strategy-review.tsx:257:role:3,Exercise role and verify its documented behavior,Expected state transition occurs once; rendered and persisted data retain the selected website provenance,trace+network+database+cleanup,1,Restore disposable fixture,integration+e2e,NOT RUN,,
CTRL.CENSUS.0542,STG_DISPOSABLE,owner_jose,Authenticated workspace; seeded state matching the control,component,src/components/keyword-strategy-review.tsx:258:button:1,Exercise button and verify its documented behavior,Expected state transition occurs once; rendered and persisted data retain the selected website provenance,trace+network+database+cleanup,1,Restore disposable fixture,integration+e2e,NOT RUN,,
CTRL.CENSUS.0543,STG_DISPOSABLE,owner_jose,Authenticated workspace; seeded state matching the control,component,src/components/keyword-strategy-review.tsx:258:onClick:2,Exercise onClick and verify its documented behavior,Expected state transition occurs once; rendered and persisted data retain the selected website provenance,trace+network+database+cleanup,1,Restore disposable fixture,integration+e2e,NOT RUN,,
CTRL.CENSUS.0544,STG_DISPOSABLE,owner_jose,Authenticated workspace; seeded state matching the control,component,src/components/keyword-strategy-review.tsx:258:role:3,Exercise role and verify its documented behavior,Expected state transition occurs once; rendered and persisted data retain the selected website provenance,trace+network+database+cleanup,1,Restore disposable fixture,integration+e2e,NOT RUN,,
CTRL.CENSUS.0545,STG_DISPOSABLE,owner_jose,Authenticated workspace; seeded state matching the control,component,src/components/keyword-strategy-review.tsx:259:button:1,Exercise button and verify its documented behavior,Expected state transition occurs once; rendered and persisted data retain the selected website provenance,trace+network+database+cleanup,1,Restore disposable fixture,integration+e2e,NOT RUN,,
CTRL.CENSUS.0546,STG_DISPOSABLE,owner_jose,Authenticated workspace; seeded state matching the control,component,src/components/keyword-strategy-review.tsx:259:onClick:2,Exercise onClick and verify its documented behavior,Expected state transition occurs once; rendered and persisted data retain the selected website provenance,trace+network+database+cleanup,1,Restore disposable fixture,integration+e2e,NOT RUN,,
CTRL.CENSUS.0547,STG_DISPOSABLE,owner_jose,Authenticated workspace; seeded state matching the control,component,src/components/keyword-strategy-review.tsx:259:role:3,Exercise role and verify its documented behavior,Expected state transition occurs once; rendered and persisted data retain the selected website provenance,trace+network+database+cleanup,1,Restore disposable fixture,integration+e2e,NOT RUN,,
CTRL.CENSUS.0548,STG_DISPOSABLE,owner_jose,Authenticated workspace; seeded state matching the control,component,src/components/keyword-strategy-review.tsx:266:Link:1,Exercise Link and verify its documented behavior,Expected state transition occurs once; rendered and persisted data retain the selected website provenance,trace+network+database+cleanup,1,Restore disposable fixture,integration+e2e,NOT RUN,,
CTRL.CENSUS.0549,STG_DISPOSABLE,owner_jose,Authenticated workspace; seeded state matching the control,component,src/components/keyword-strategy-review.tsx:273:button:1,Exercise button and verify its documented behavior,Expected state transition occurs once; rendered and persisted data retain the selected website provenance,trace+network+database+cleanup,1,Restore disposable fixture,integration+e2e,NOT RUN,,
CTRL.CENSUS.0550,STG_DISPOSABLE,owner_jose,Authenticated workspace; seeded state matching the control,component,src/components/keyword-strategy-review.tsx:273:onClick:2,Exercise onClick and verify its documented behavior,Expected state transition occurs once; rendered and persisted data retain the selected website provenance,trace+network+database+cleanup,1,Restore disposable fixture,integration+e2e,NOT RUN,,
CTRL.CENSUS.0551,STG_DISPOSABLE,owner_jose,Authenticated workspace; seeded state matching the control,component,src/components/keyword-strategy-review.tsx:273:Link:3,Exercise Link and verify its documented behavior,Expected state transition occurs once; rendered and persisted data retain the selected website provenance,trace+network+database+cleanup,1,Restore disposable fixture,integration+e2e,NOT RUN,,
CTRL.CENSUS.0552,SF_PROD,owner_jose,Authenticated workspace; seeded state matching the control,component,src/components/keyword-strategy-review.tsx:278:button:1,Exercise button and verify its documented behavior,Expected state transition occurs once; rendered and persisted data retain the selected website provenance,trace+screenshot+network,0,none,e2e,NOT RUN,,
CTRL.CENSUS.0553,SF_PROD,owner_jose,Authenticated workspace; seeded state matching the control,component,src/components/keyword-strategy-review.tsx:278:onClick:2,Exercise onClick and verify its documented behavior,Expected state transition occurs once; rendered and persisted data retain the selected website provenance,trace+screenshot+network,0,none,e2e,NOT RUN,,
CTRL.CENSUS.0554,SF_PROD,owner_jose,Authenticated workspace; seeded state matching the control,component,src/components/keyword-strategy-review.tsx:279:button:1,Exercise button and verify its documented behavior,Expected state transition occurs once; rendered and persisted data retain the selected website provenance,trace+screenshot+network,0,none,e2e,NOT RUN,,
CTRL.CENSUS.0555,SF_PROD,owner_jose,Authenticated workspace; seeded state matching the control,component,src/components/keyword-strategy-review.tsx:279:onClick:2,Exercise onClick and verify its documented behavior,Expected state transition occurs once; rendered and persisted data retain the selected website provenance,trace+screenshot+network,0,none,e2e,NOT RUN,,
CTRL.CENSUS.0556,STG_DISPOSABLE,owner_jose,Authenticated workspace; seeded state matching the control,component,src/components/keyword-strategy-review.tsx:283:Link:1,Exercise Link and verify its documented behavior,Expected state transition occurs once; rendered and persisted data retain the selected website provenance,trace+network+database+cleanup,1,Restore disposable fixture,integration+e2e,NOT RUN,,
CTRL.CENSUS.0557,STG_DISPOSABLE,owner_jose,Authenticated workspace; seeded state matching the control,component,src/components/keyword-strategy-review.tsx:285:button:1,Exercise button and verify its documented behavior,Expected state transition occurs once; rendered and persisted data retain the selected website provenance,trace+network+database+cleanup,1,Restore disposable fixture,integration+e2e,NOT RUN,,
CTRL.CENSUS.0558,STG_DISPOSABLE,owner_jose,Authenticated workspace; seeded state matching the control,component,src/components/keyword-strategy-review.tsx:285:onClick:2,Exercise onClick and verify its documented behavior,Expected state transition occurs once; rendered and persisted data retain the selected website provenance,trace+network+database+cleanup,1,Restore disposable fixture,integration+e2e,NOT RUN,,
CTRL.CENSUS.0559,STG_DISPOSABLE,owner_jose,Authenticated workspace; seeded state matching the control,component,src/components/keyword-strategy-review.tsx:285:Link:3,Exercise Link and verify its documented behavior,Expected state transition occurs once; rendered and persisted data retain the selected website provenance,trace+network+database+cleanup,1,Restore disposable fixture,integration+e2e,NOT RUN,,
CTRL.CENSUS.0560,STG_DISPOSABLE,owner_jose,Authenticated workspace; seeded state matching the control,component,src/components/keyword-strategy-review.tsx:285:Link:4,Exercise Link and verify its documented behavior,Expected state transition occurs once; rendered and persisted data retain the selected website provenance,trace+network+database+cleanup,1,Restore disposable fixture,integration+e2e,NOT RUN,,
CTRL.CENSUS.0561,STG_DISPOSABLE,owner_jose,Authenticated workspace; seeded state matching the control,component,src/components/keyword-strategy-review.tsx:285:button:5,Exercise button and verify its documented behavior,Expected state transition occurs once; rendered and persisted data retain the selected website provenance,trace+network+database+cleanup,1,Restore disposable fixture,integration+e2e,NOT RUN,,
CTRL.CENSUS.0562,STG_DISPOSABLE,owner_jose,Authenticated workspace; seeded state matching the control,component,src/components/keyword-strategy-review.tsx:285:onClick:6,Exercise onClick and verify its documented behavior,Expected state transition occurs once; rendered and persisted data retain the selected website provenance,trace+network+database+cleanup,1,Restore disposable fixture,integration+e2e,NOT RUN,,
CTRL.CENSUS.0563,STG_DISPOSABLE,owner_jose,Authenticated workspace; seeded state matching the control,component,src/components/keyword-strategy-review.tsx:287:button:1,Exercise button and verify its documented behavior,Expected state transition occurs once; rendered and persisted data retain the selected website provenance,trace+network+database+cleanup,1,Restore disposable fixture,integration+e2e,NOT RUN,,
CTRL.CENSUS.0564,STG_DISPOSABLE,owner_jose,Authenticated workspace; seeded state matching the control,component,src/components/keyword-strategy-review.tsx:287:onClick:2,Exercise onClick and verify its documented behavior,Expected state transition occurs once; rendered and persisted data retain the selected website provenance,trace+network+database+cleanup,1,Restore disposable fixture,integration+e2e,NOT RUN,,
CTRL.CENSUS.0565,STG_DISPOSABLE,owner_jose,Authenticated workspace; seeded state matching the control,component,src/components/keyword-strategy-review.tsx:288:Link:1,Exercise Link and verify its documented behavior,Expected state transition occurs once; rendered and persisted data retain the selected website provenance,trace+network+database+cleanup,1,Restore disposable fixture,integration+e2e,NOT RUN,,
CTRL.CENSUS.0566,SF_PROD,owner_jose,Authenticated workspace; seeded state matching the control,component,src/components/llm-signal-playboard.tsx:121:button:1,Exercise button and verify its documented behavior,Expected state transition occurs once; rendered and persisted data retain the selected website provenance,trace+screenshot+network,0,none,e2e,NOT RUN,,
CTRL.CENSUS.0567,SF_PROD,owner_jose,Authenticated workspace; seeded state matching the control,component,src/components/llm-signal-playboard.tsx:125:onClick:1,Exercise onClick and verify its documented behavior,Expected state transition occurs once; rendered and persisted data retain the selected website provenance,trace+screenshot+network,0,none,e2e,NOT RUN,,
CTRL.CENSUS.0568,STG_DISPOSABLE,owner_jose,Authenticated workspace; seeded state matching the control,component,src/components/llm-source-dashboard.tsx:204:button:1,Exercise button and verify its documented behavior,Expected state transition occurs once; rendered and persisted data retain the selected website provenance,trace+network+database+cleanup,1,Restore disposable fixture,integration+e2e,NOT RUN,,
CTRL.CENSUS.0569,STG_DISPOSABLE,owner_jose,Authenticated workspace; seeded state matching the control,component,src/components/llm-source-dashboard.tsx:204:onClick:2,Exercise onClick and verify its documented behavior,Expected state transition occurs once; rendered and persisted data retain the selected website provenance,trace+network+database+cleanup,1,Restore disposable fixture,integration+e2e,NOT RUN,,
CTRL.CENSUS.0570,SF_PROD,owner_jose,Authenticated workspace; seeded state matching the control,component,src/components/llm-source-dashboard.tsx:210:a:1,Exercise a and verify its documented behavior,Expected state transition occurs once; rendered and persisted data retain the selected website provenance,trace+screenshot+network,0,none,e2e,NOT RUN,,
CTRL.CENSUS.0571,SF_PROD,owner_jose,Authenticated workspace; seeded state matching the control,component,src/components/llm-source-dashboard.tsx:229:button:1,Exercise button and verify its documented behavior,Expected state transition occurs once; rendered and persisted data retain the selected website provenance,trace+screenshot+network,0,none,e2e,NOT RUN,,
CTRL.CENSUS.0572,SF_PROD,owner_jose,Authenticated workspace; seeded state matching the control,component,src/components/llm-source-dashboard.tsx:235:onClick:1,Exercise onClick and verify its documented behavior,Expected state transition occurs once; rendered and persisted data retain the selected website provenance,trace+screenshot+network,0,none,e2e,NOT RUN,,
CTRL.CENSUS.0573,STG_DISPOSABLE,owner_jose,Authenticated workspace; seeded state matching the control,component,src/components/llm-source-dashboard.tsx:257:input:1,Exercise input and verify its documented behavior,Expected state transition occurs once; rendered and persisted data retain the selected website provenance,trace+network+database+cleanup,3,Restore disposable fixture,integration+e2e,NOT RUN,,
CTRL.CENSUS.0574,STG_DISPOSABLE,owner_jose,Authenticated workspace; seeded state matching the control,component,src/components/llm-source-dashboard.tsx:257:onChange:2,Exercise onChange and verify its documented behavior,Expected state transition occurs once; rendered and persisted data retain the selected website provenance,trace+network+database+cleanup,3,Restore disposable fixture,integration+e2e,NOT RUN,,
CTRL.CENSUS.0575,STG_DISPOSABLE,owner_jose,Authenticated workspace; seeded state matching the control,component,src/components/llm-source-dashboard.tsx:257:a:3,Exercise a and verify its documented behavior,Expected state transition occurs once; rendered and persisted data retain the selected website provenance,trace+network+database+cleanup,3,Restore disposable fixture,integration+e2e,NOT RUN,,
CTRL.CENSUS.0576,STG_DISPOSABLE,owner_jose,Authenticated workspace; seeded state matching the control,component,src/components/llm-source-dashboard.tsx:258:a:1,Exercise a and verify its documented behavior,Expected state transition occurs once; rendered and persisted data retain the selected website provenance,trace+network+database+cleanup,3,Restore disposable fixture,integration+e2e,NOT RUN,,
CTRL.CENSUS.0577,STG_DISPOSABLE,owner_jose,Authenticated workspace; seeded state matching the control,component,src/components/llm-source-dashboard.tsx:258:button:2,Exercise button and verify its documented behavior,Expected state transition occurs once; rendered and persisted data retain the selected website provenance,trace+network+database+cleanup,3,Restore disposable fixture,integration+e2e,NOT RUN,,
CTRL.CENSUS.0578,STG_DISPOSABLE,owner_jose,Authenticated workspace; seeded state matching the control,component,src/components/llm-source-dashboard.tsx:258:onClick:3,Exercise onClick and verify its documented behavior,Expected state transition occurs once; rendered and persisted data retain the selected website provenance,trace+network+database+cleanup,3,Restore disposable fixture,integration+e2e,NOT RUN,,
CTRL.CENSUS.0579,STG_DISPOSABLE,owner_jose,Authenticated workspace; seeded state matching the control,component,src/components/llm-source-dashboard.tsx:258:button:4,Exercise button and verify its documented behavior,Expected state transition occurs once; rendered and persisted data retain the selected website provenance,trace+network+database+cleanup,3,Restore disposable fixture,integration+e2e,NOT RUN,,
CTRL.CENSUS.0580,STG_DISPOSABLE,owner_jose,Authenticated workspace; seeded state matching the control,component,src/components/llm-source-dashboard.tsx:258:onClick:5,Exercise onClick and verify its documented behavior,Expected state transition occurs once; rendered and persisted data retain the selected website provenance,trace+network+database+cleanup,3,Restore disposable fixture,integration+e2e,NOT RUN,,
CTRL.CENSUS.0581,SF_PROD,owner_jose,Authenticated workspace; seeded state matching the control,component,src/components/llm-source-dashboard.tsx:269:button:1,Exercise button and verify its documented behavior,Expected state transition occurs once; rendered and persisted data retain the selected website provenance,trace+screenshot+network,0,none,e2e,NOT RUN,,
CTRL.CENSUS.0582,SF_PROD,owner_jose,Authenticated workspace; seeded state matching the control,component,src/components/llm-source-dashboard.tsx:269:onClick:2,Exercise onClick and verify its documented behavior,Expected state transition occurs once; rendered and persisted data retain the selected website provenance,trace+screenshot+network,0,none,e2e,NOT RUN,,
CTRL.CENSUS.0583,SF_PROD,owner_jose,Authenticated workspace; seeded state matching the control,component,src/components/llm-source-dashboard.tsx:269:role:3,Exercise role and verify its documented behavior,Expected state transition occurs once; rendered and persisted data retain the selected website provenance,trace+screenshot+network,0,none,e2e,NOT RUN,,
CTRL.CENSUS.0584,SF_PROD,owner_jose,Authenticated workspace; seeded state matching the control,component,src/components/llm-source-dashboard.tsx:272:a:1,Exercise a and verify its documented behavior,Expected state transition occurs once; rendered and persisted data retain the selected website provenance,trace+screenshot+network,0,none,e2e,NOT RUN,,
CTRL.CENSUS.0585,SF_PROD,owner_jose,Authenticated workspace; seeded state matching the control,component,src/components/llm-source-dashboard.tsx:278:button:1,Exercise button and verify its documented behavior,Expected state transition occurs once; rendered and persisted data retain the selected website provenance,trace+screenshot+network,0,none,e2e,NOT RUN,,
CTRL.CENSUS.0586,SF_PROD,owner_jose,Authenticated workspace; seeded state matching the control,component,src/components/llm-source-dashboard.tsx:278:onClick:2,Exercise onClick and verify its documented behavior,Expected state transition occurs once; rendered and persisted data retain the selected website provenance,trace+screenshot+network,0,none,e2e,NOT RUN,,
CTRL.CENSUS.0587,SF_PROD,owner_jose,Authenticated workspace; seeded state matching the control,component,src/components/paused-work-list.tsx:30:button:1,Exercise button and verify its documented behavior,Expected state transition occurs once; rendered and persisted data retain the selected website provenance,trace+screenshot+network,0,none,e2e,NOT RUN,,
CTRL.CENSUS.0588,SF_PROD,owner_jose,Authenticated workspace; seeded state matching the control,component,src/components/paused-work-list.tsx:30:onClick:2,Exercise onClick and verify its documented behavior,Expected state transition occurs once; rendered and persisted data retain the selected website provenance,trace+screenshot+network,0,none,e2e,NOT RUN,,
CTRL.CENSUS.0589,SF_PROD,owner_jose,Authenticated workspace; seeded state matching the control,component,src/components/print-game-plan-button.tsx:25:button:1,Exercise button and verify its documented behavior,Expected state transition occurs once; rendered and persisted data retain the selected website provenance,trace+screenshot+network,0,none,e2e,NOT RUN,,
CTRL.CENSUS.0590,SF_PROD,owner_jose,Authenticated workspace; seeded state matching the control,component,src/components/print-game-plan-button.tsx:25:onClick:2,Exercise onClick and verify its documented behavior,Expected state transition occurs once; rendered and persisted data retain the selected website provenance,trace+screenshot+network,0,none,e2e,NOT RUN,,
CTRL.CENSUS.0591,SF_PROD,owner_jose,Authenticated workspace; seeded state matching the control,component,src/components/print-game-plan-button.tsx:32:button:1,Exercise button and verify its documented behavior,Expected state transition occurs once; rendered and persisted data retain the selected website provenance,trace+screenshot+network,0,none,e2e,NOT RUN,,
CTRL.CENSUS.0592,SF_PROD,owner_jose,Authenticated workspace; seeded state matching the control,component,src/components/print-game-plan-button.tsx:32:onClick:2,Exercise onClick and verify its documented behavior,Expected state transition occurs once; rendered and persisted data retain the selected website provenance,trace+screenshot+network,0,none,e2e,NOT RUN,,
CTRL.CENSUS.0593,SF_PROD,owner_jose,Authenticated workspace; seeded state matching the control,component,src/components/print-game-plan-button.tsx:33:Link:1,Exercise Link and verify its documented behavior,Expected state transition occurs once; rendered and persisted data retain the selected website provenance,trace+screenshot+network,0,none,e2e,NOT RUN,,
CTRL.CENSUS.0594,SF_PROD,owner_jose,Authenticated workspace; seeded state matching the control,component,src/components/product-navigation.tsx:55:a:1,Exercise a and verify its documented behavior,Expected state transition occurs once; rendered and persisted data retain the selected website provenance,trace+screenshot+network,0,none,e2e,NOT RUN,,
CTRL.CENSUS.0595,SF_PROD,owner_jose,Authenticated workspace; seeded state matching the control,component,src/components/product-navigation.tsx:55:Link:2,Exercise Link and verify its documented behavior,Expected state transition occurs once; rendered and persisted data retain the selected website provenance,trace+screenshot+network,0,none,e2e,NOT RUN,,
CTRL.CENSUS.0596,STG_DISPOSABLE,owner_jose,Authenticated workspace; seeded state matching the control,component,src/components/product-navigation.tsx:58:button:1,Exercise button and verify its documented behavior,Expected state transition occurs once; rendered and persisted data retain the selected website provenance,trace+network+database+cleanup,1,Restore disposable fixture,integration+e2e,NOT RUN,,
CTRL.CENSUS.0597,STG_DISPOSABLE,owner_jose,Authenticated workspace; seeded state matching the control,component,src/components/product-navigation.tsx:58:onClick:2,Exercise onClick and verify its documented behavior,Expected state transition occurs once; rendered and persisted data retain the selected website provenance,trace+network+database+cleanup,1,Restore disposable fixture,integration+e2e,NOT RUN,,
CTRL.CENSUS.0598,STG_DISPOSABLE,owner_jose,Authenticated workspace; seeded state matching the control,component,src/components/product-navigation.tsx:58:Link:3,Exercise Link and verify its documented behavior,Expected state transition occurs once; rendered and persisted data retain the selected website provenance,trace+network+database+cleanup,1,Restore disposable fixture,integration+e2e,NOT RUN,,
CTRL.CENSUS.0599,SF_PROD,owner_jose,Authenticated workspace; seeded state matching the control,component,src/components/product-navigation.tsx:59:button:1,Exercise button and verify its documented behavior,Expected state transition occurs once; rendered and persisted data retain the selected website provenance,trace+screenshot+network,0,none,e2e,NOT RUN,,
CTRL.CENSUS.0600,SF_PROD,owner_jose,Authenticated workspace; seeded state matching the control,component,src/components/product-navigation.tsx:59:onClick:2,Exercise onClick and verify its documented behavior,Expected state transition occurs once; rendered and persisted data retain the selected website provenance,trace+screenshot+network,0,none,e2e,NOT RUN,,
CTRL.CENSUS.0601,SF_PROD,owner_jose,Authenticated workspace; seeded state matching the control,component,src/components/product-navigation.tsx:61:button:1,Exercise button and verify its documented behavior,Expected state transition occurs once; rendered and persisted data retain the selected website provenance,trace+screenshot+network,0,none,e2e,NOT RUN,,
CTRL.CENSUS.0602,SF_PROD,owner_jose,Authenticated workspace; seeded state matching the control,component,src/components/product-navigation.tsx:61:onClick:2,Exercise onClick and verify its documented behavior,Expected state transition occurs once; rendered and persisted data retain the selected website provenance,trace+screenshot+network,0,none,e2e,NOT RUN,,
CTRL.CENSUS.0603,SF_PROD,owner_jose,Authenticated workspace; seeded state matching the control,component,src/components/product-navigation.tsx:62:Link:1,Exercise Link and verify its documented behavior,Expected state transition occurs once; rendered and persisted data retain the selected website provenance,trace+screenshot+network,0,none,e2e,NOT RUN,,
CTRL.CENSUS.0604,SF_PROD,owner_jose,Authenticated workspace; seeded state matching the control,component,src/components/product-navigation.tsx:63:summary:1,Exercise summary and verify its documented behavior,Expected state transition occurs once; rendered and persisted data retain the selected website provenance,trace+screenshot+network,0,none,e2e,NOT RUN,,
CTRL.CENSUS.0605,SF_PROD,owner_jose,Authenticated workspace; seeded state matching the control,component,src/components/product-navigation.tsx:63:a:2,Exercise a and verify its documented behavior,Expected state transition occurs once; rendered and persisted data retain the selected website provenance,trace+screenshot+network,0,none,e2e,NOT RUN,,
CTRL.CENSUS.0606,SF_PROD,owner_jose,Authenticated workspace; seeded state matching the control,component,src/components/product-navigation.tsx:63:Link:3,Exercise Link and verify its documented behavior,Expected state transition occurs once; rendered and persisted data retain the selected website provenance,trace+screenshot+network,0,none,e2e,NOT RUN,,
CTRL.CENSUS.0607,SF_PROD,owner_jose,Authenticated workspace; seeded state matching the control,component,src/components/product-navigation.tsx:63:Link:4,Exercise Link and verify its documented behavior,Expected state transition occurs once; rendered and persisted data retain the selected website provenance,trace+screenshot+network,0,none,e2e,NOT RUN,,
CTRL.CENSUS.0608,SF_PROD,owner_jose,Authenticated workspace; seeded state matching the control,component,src/components/product-navigation.tsx:67:summary:1,Exercise summary and verify its documented behavior,Expected state transition occurs once; rendered and persisted data retain the selected website provenance,trace+screenshot+network,0,none,e2e,NOT RUN,,
CTRL.CENSUS.0609,STG_DISPOSABLE,owner_jose,Authenticated workspace; seeded state matching the control,component,src/components/product-navigation.tsx:71:form:1,Exercise form and verify its documented behavior,Expected state transition occurs once; rendered and persisted data retain the selected website provenance,trace+network+database+cleanup,1,Restore disposable fixture,integration+e2e,NOT RUN,,
CTRL.CENSUS.0610,STG_DISPOSABLE,owner_jose,Authenticated workspace; seeded state matching the control,component,src/components/product-navigation.tsx:71:button:2,Exercise button and verify its documented behavior,Expected state transition occurs once; rendered and persisted data retain the selected website provenance,trace+network+database+cleanup,1,Restore disposable fixture,integration+e2e,NOT RUN,,
CTRL.CENSUS.0611,STG_DISPOSABLE,owner_jose,Authenticated workspace; seeded state matching the control,component,src/components/public-onboarding.tsx:268:Link:1,Exercise Link and verify its documented behavior,Expected state transition occurs once; rendered and persisted data retain the selected website provenance,trace+network+database+cleanup,1,Restore disposable fixture,integration+e2e,NOT RUN,,
CTRL.CENSUS.0612,STG_DISPOSABLE,owner_jose,Authenticated workspace; seeded state matching the control,component,src/components/public-onboarding.tsx:270:button:1,Exercise button and verify its documented behavior,Expected state transition occurs once; rendered and persisted data retain the selected website provenance,trace+network+database+cleanup,1,Restore disposable fixture,integration+e2e,NOT RUN,,
CTRL.CENSUS.0613,STG_DISPOSABLE,owner_jose,Authenticated workspace; seeded state matching the control,component,src/components/public-onboarding.tsx:270:onClick:2,Exercise onClick and verify its documented behavior,Expected state transition occurs once; rendered and persisted data retain the selected website provenance,trace+network+database+cleanup,1,Restore disposable fixture,integration+e2e,NOT RUN,,
CTRL.CENSUS.0614,STG_DISPOSABLE,owner_jose,Authenticated workspace; seeded state matching the control,component,src/components/public-onboarding.tsx:270:button:3,Exercise button and verify its documented behavior,Expected state transition occurs once; rendered and persisted data retain the selected website provenance,trace+network+database+cleanup,1,Restore disposable fixture,integration+e2e,NOT RUN,,
CTRL.CENSUS.0615,SF_PROD,owner_jose,Authenticated workspace; seeded state matching the control,component,src/components/public-onboarding.tsx:288:form:1,Exercise form and verify its documented behavior,Expected state transition occurs once; rendered and persisted data retain the selected website provenance,trace+screenshot+network,0,none,e2e,NOT RUN,,
CTRL.CENSUS.0616,SF_PROD,owner_jose,Authenticated workspace; seeded state matching the control,component,src/components/public-onboarding.tsx:288:onSubmit:2,Exercise onSubmit and verify its documented behavior,Expected state transition occurs once; rendered and persisted data retain the selected website provenance,trace+screenshot+network,0,none,e2e,NOT RUN,,
CTRL.CENSUS.0617,STG_DISPOSABLE,owner_jose,Authenticated workspace; seeded state matching the control,component,src/components/public-onboarding.tsx:296:input:1,Exercise input and verify its documented behavior,Expected state transition occurs once; rendered and persisted data retain the selected website provenance,trace+network+database+cleanup,1,Restore disposable fixture,integration+e2e,NOT RUN,,
CTRL.CENSUS.0618,STG_DISPOSABLE,owner_jose,Authenticated workspace; seeded state matching the control,component,src/components/public-onboarding.tsx:296:onChange:2,Exercise onChange and verify its documented behavior,Expected state transition occurs once; rendered and persisted data retain the selected website provenance,trace+network+database+cleanup,1,Restore disposable fixture,integration+e2e,NOT RUN,,
CTRL.CENSUS.0619,STG_DISPOSABLE,owner_jose,Authenticated workspace; seeded state matching the control,component,src/components/public-onboarding.tsx:297:input:1,Exercise input and verify its documented behavior,Expected state transition occurs once; rendered and persisted data retain the selected website provenance,trace+network+database+cleanup,1,Restore disposable fixture,integration+e2e,NOT RUN,,
CTRL.CENSUS.0620,STG_DISPOSABLE,owner_jose,Authenticated workspace; seeded state matching the control,component,src/components/public-onboarding.tsx:297:onChange:2,Exercise onChange and verify its documented behavior,Expected state transition occurs once; rendered and persisted data retain the selected website provenance,trace+network+database+cleanup,1,Restore disposable fixture,integration+e2e,NOT RUN,,
CTRL.CENSUS.0621,STG_DISPOSABLE,owner_jose,Authenticated workspace; seeded state matching the control,component,src/components/public-onboarding.tsx:299:input:1,Exercise input and verify its documented behavior,Expected state transition occurs once; rendered and persisted data retain the selected website provenance,trace+network+database+cleanup,1,Restore disposable fixture,integration+e2e,NOT RUN,,
CTRL.CENSUS.0622,STG_DISPOSABLE,owner_jose,Authenticated workspace; seeded state matching the control,component,src/components/public-onboarding.tsx:299:onChange:2,Exercise onChange and verify its documented behavior,Expected state transition occurs once; rendered and persisted data retain the selected website provenance,trace+network+database+cleanup,1,Restore disposable fixture,integration+e2e,NOT RUN,,
CTRL.CENSUS.0623,STG_DISPOSABLE,owner_jose,Authenticated workspace; seeded state matching the control,component,src/components/public-onboarding.tsx:300:input:1,Exercise input and verify its documented behavior,Expected state transition occurs once; rendered and persisted data retain the selected website provenance,trace+network+database+cleanup,1,Restore disposable fixture,integration+e2e,NOT RUN,,
CTRL.CENSUS.0624,STG_DISPOSABLE,owner_jose,Authenticated workspace; seeded state matching the control,component,src/components/public-onboarding.tsx:300:onChange:2,Exercise onChange and verify its documented behavior,Expected state transition occurs once; rendered and persisted data retain the selected website provenance,trace+network+database+cleanup,1,Restore disposable fixture,integration+e2e,NOT RUN,,
CTRL.CENSUS.0625,STG_DISPOSABLE,owner_jose,Authenticated workspace; seeded state matching the control,component,src/components/public-onboarding.tsx:301:input:1,Exercise input and verify its documented behavior,Expected state transition occurs once; rendered and persisted data retain the selected website provenance,trace+network+database+cleanup,1,Restore disposable fixture,integration+e2e,NOT RUN,,
CTRL.CENSUS.0626,STG_DISPOSABLE,owner_jose,Authenticated workspace; seeded state matching the control,component,src/components/public-onboarding.tsx:301:onChange:2,Exercise onChange and verify its documented behavior,Expected state transition occurs once; rendered and persisted data retain the selected website provenance,trace+network+database+cleanup,1,Restore disposable fixture,integration+e2e,NOT RUN,,
CTRL.CENSUS.0627,STG_DISPOSABLE,owner_jose,Authenticated workspace; seeded state matching the control,component,src/components/public-onboarding.tsx:306:onChange:1,Exercise onChange and verify its documented behavior,Expected state transition occurs once; rendered and persisted data retain the selected website provenance,trace+network+database+cleanup,1,Restore disposable fixture,integration+e2e,NOT RUN,,
CTRL.CENSUS.0628,STG_DISPOSABLE,owner_jose,Authenticated workspace; seeded state matching the control,component,src/components/public-onboarding.tsx:307:onChange:1,Exercise onChange and verify its documented behavior,Expected state transition occurs once; rendered and persisted data retain the selected website provenance,trace+network+database+cleanup,1,Restore disposable fixture,integration+e2e,NOT RUN,,
CTRL.CENSUS.0629,STG_DISPOSABLE,owner_jose,Authenticated workspace; seeded state matching the control,component,src/components/public-onboarding.tsx:308:onChange:1,Exercise onChange and verify its documented behavior,Expected state transition occurs once; rendered and persisted data retain the selected website provenance,trace+network+database+cleanup,1,Restore disposable fixture,integration+e2e,NOT RUN,,
CTRL.CENSUS.0630,SF_PROD,owner_jose,Authenticated workspace; seeded state matching the control,component,src/components/public-onboarding.tsx:318:button:1,Exercise button and verify its documented behavior,Expected state transition occurs once; rendered and persisted data retain the selected website provenance,trace+screenshot+network,0,none,e2e,NOT RUN,,
CTRL.CENSUS.0631,SF_PROD,owner_jose,Authenticated workspace; seeded state matching the control,component,src/components/public-onboarding.tsx:318:onClick:2,Exercise onClick and verify its documented behavior,Expected state transition occurs once; rendered and persisted data retain the selected website provenance,trace+screenshot+network,0,none,e2e,NOT RUN,,
CTRL.CENSUS.0632,STG_DISPOSABLE,owner_jose,Authenticated workspace; seeded state matching the control,component,src/components/public-onboarding.tsx:325:onChange:1,Exercise onChange and verify its documented behavior,Expected state transition occurs once; rendered and persisted data retain the selected website provenance,trace+network+database+cleanup,1,Restore disposable fixture,integration+e2e,NOT RUN,,
CTRL.CENSUS.0633,STG_DISPOSABLE,owner_jose,Authenticated workspace; seeded state matching the control,component,src/components/public-onboarding.tsx:327:onChange:1,Exercise onChange and verify its documented behavior,Expected state transition occurs once; rendered and persisted data retain the selected website provenance,trace+network+database+cleanup,1,Restore disposable fixture,integration+e2e,NOT RUN,,
CTRL.CENSUS.0634,STG_DISPOSABLE,owner_jose,Authenticated workspace; seeded state matching the control,component,src/components/public-onboarding.tsx:332:Link:1,Exercise Link and verify its documented behavior,Expected state transition occurs once; rendered and persisted data retain the selected website provenance,trace+network+database+cleanup,2,Restore disposable fixture,integration+e2e,NOT RUN,,
CTRL.CENSUS.0635,STG_DISPOSABLE,owner_jose,Authenticated workspace; seeded state matching the control,component,src/components/public-onboarding.tsx:332:button:2,Exercise button and verify its documented behavior,Expected state transition occurs once; rendered and persisted data retain the selected website provenance,trace+network+database+cleanup,2,Restore disposable fixture,integration+e2e,NOT RUN,,
CTRL.CENSUS.0636,STG_DISPOSABLE,owner_jose,Authenticated workspace; seeded state matching the control,component,src/components/public-onboarding.tsx:332:onClick:3,Exercise onClick and verify its documented behavior,Expected state transition occurs once; rendered and persisted data retain the selected website provenance,trace+network+database+cleanup,2,Restore disposable fixture,integration+e2e,NOT RUN,,
CTRL.CENSUS.0637,STG_DISPOSABLE,owner_jose,Authenticated workspace; seeded state matching the control,component,src/components/public-onboarding.tsx:333:button:1,Exercise button and verify its documented behavior,Expected state transition occurs once; rendered and persisted data retain the selected website provenance,trace+network+database+cleanup,2,Restore disposable fixture,integration+e2e,NOT RUN,,
CTRL.CENSUS.0638,STG_DISPOSABLE,owner_jose,Authenticated workspace; seeded state matching the control,component,src/components/public-onboarding.tsx:333:onClick:2,Exercise onClick and verify its documented behavior,Expected state transition occurs once; rendered and persisted data retain the selected website provenance,trace+network+database+cleanup,2,Restore disposable fixture,integration+e2e,NOT RUN,,
CTRL.CENSUS.0639,STG_DISPOSABLE,owner_jose,Authenticated workspace; seeded state matching the control,component,src/components/public-onboarding.tsx:333:button:3,Exercise button and verify its documented behavior,Expected state transition occurs once; rendered and persisted data retain the selected website provenance,trace+network+database+cleanup,2,Restore disposable fixture,integration+e2e,NOT RUN,,
CTRL.CENSUS.0640,SF_PROD,owner_jose,Authenticated workspace; seeded state matching the control,component,src/components/public-onboarding.tsx:378:button:1,Exercise button and verify its documented behavior,Expected state transition occurs once; rendered and persisted data retain the selected website provenance,trace+screenshot+network,0,none,e2e,NOT RUN,,
CTRL.CENSUS.0641,SF_PROD,owner_jose,Authenticated workspace; seeded state matching the control,component,src/components/public-onboarding.tsx:378:onClick:2,Exercise onClick and verify its documented behavior,Expected state transition occurs once; rendered and persisted data retain the selected website provenance,trace+screenshot+network,0,none,e2e,NOT RUN,,
CTRL.CENSUS.0642,SF_PROD,owner_jose,Authenticated workspace; seeded state matching the control,component,src/components/public-onboarding.tsx:384:textarea:1,Exercise textarea and verify its documented behavior,Expected state transition occurs once; rendered and persisted data retain the selected website provenance,trace+screenshot+network,0,none,e2e,NOT RUN,,
CTRL.CENSUS.0643,SF_PROD,owner_jose,Authenticated workspace; seeded state matching the control,component,src/components/public-onboarding.tsx:384:onChange:2,Exercise onChange and verify its documented behavior,Expected state transition occurs once; rendered and persisted data retain the selected website provenance,trace+screenshot+network,0,none,e2e,NOT RUN,,
CTRL.CENSUS.0644,SF_PROD,owner_jose,Authenticated workspace; seeded state matching the control,component,src/components/publishing-destinations.tsx:32:button:1,Exercise button and verify its documented behavior,Expected state transition occurs once; rendered and persisted data retain the selected website provenance,trace+screenshot+network,0,none,e2e,NOT RUN,,
CTRL.CENSUS.0645,STG_DISPOSABLE,owner_jose,Authenticated workspace; seeded state matching the control,component,src/components/publishing-destinations.tsx:64:a:1,Exercise a and verify its documented behavior,Expected state transition occurs once; rendered and persisted data retain the selected website provenance,trace+network+database+cleanup,1,Restore disposable fixture,integration+e2e,NOT RUN,,
CTRL.CENSUS.0646,STG_DISPOSABLE,owner_jose,Authenticated workspace; seeded state matching the control,component,src/components/publishing-destinations.tsx:83:summary:1,Exercise summary and verify its documented behavior,Expected state transition occurs once; rendered and persisted data retain the selected website provenance,trace+network+database+cleanup,3,Restore disposable fixture,integration+e2e,NOT RUN,,
CTRL.CENSUS.0647,STG_DISPOSABLE,owner_jose,Authenticated workspace; seeded state matching the control,component,src/components/publishing-plan-manager.tsx:312:button:1,Exercise button and verify its documented behavior,Expected state transition occurs once; rendered and persisted data retain the selected website provenance,trace+network+database+cleanup,3,Restore disposable fixture,integration+e2e,NOT RUN,,
CTRL.CENSUS.0648,STG_DISPOSABLE,owner_jose,Authenticated workspace; seeded state matching the control,component,src/components/publishing-plan-manager.tsx:312:onClick:2,Exercise onClick and verify its documented behavior,Expected state transition occurs once; rendered and persisted data retain the selected website provenance,trace+network+database+cleanup,3,Restore disposable fixture,integration+e2e,NOT RUN,,
CTRL.CENSUS.0649,STG_DISPOSABLE,owner_jose,Authenticated workspace; seeded state matching the control,component,src/components/publishing-plan-manager.tsx:319:button:1,Exercise button and verify its documented behavior,Expected state transition occurs once; rendered and persisted data retain the selected website provenance,trace+network+database+cleanup,3,Restore disposable fixture,integration+e2e,NOT RUN,,
CTRL.CENSUS.0650,STG_DISPOSABLE,owner_jose,Authenticated workspace; seeded state matching the control,component,src/components/publishing-plan-manager.tsx:319:onClick:2,Exercise onClick and verify its documented behavior,Expected state transition occurs once; rendered and persisted data retain the selected website provenance,trace+network+database+cleanup,3,Restore disposable fixture,integration+e2e,NOT RUN,,
CTRL.CENSUS.0651,STG_DISPOSABLE,owner_jose,Authenticated workspace; seeded state matching the control,component,src/components/publishing-plan-manager.tsx:321:input:1,Exercise input and verify its documented behavior,Expected state transition occurs once; rendered and persisted data retain the selected website provenance,trace+network+database+cleanup,3,Restore disposable fixture,integration+e2e,NOT RUN,,
CTRL.CENSUS.0652,STG_DISPOSABLE,owner_jose,Authenticated workspace; seeded state matching the control,component,src/components/publishing-plan-manager.tsx:321:onChange:2,Exercise onChange and verify its documented behavior,Expected state transition occurs once; rendered and persisted data retain the selected website provenance,trace+network+database+cleanup,3,Restore disposable fixture,integration+e2e,NOT RUN,,
CTRL.CENSUS.0653,STG_DISPOSABLE,owner_jose,Authenticated workspace; seeded state matching the control,component,src/components/publishing-plan-manager.tsx:322:input:1,Exercise input and verify its documented behavior,Expected state transition occurs once; rendered and persisted data retain the selected website provenance,trace+network+database+cleanup,3,Restore disposable fixture,integration+e2e,NOT RUN,,
CTRL.CENSUS.0654,STG_DISPOSABLE,owner_jose,Authenticated workspace; seeded state matching the control,component,src/components/publishing-plan-manager.tsx:322:onChange:2,Exercise onChange and verify its documented behavior,Expected state transition occurs once; rendered and persisted data retain the selected website provenance,trace+network+database+cleanup,3,Restore disposable fixture,integration+e2e,NOT RUN,,
CTRL.CENSUS.0655,STG_DISPOSABLE,owner_jose,Authenticated workspace; seeded state matching the control,component,src/components/publishing-plan-manager.tsx:324:button:1,Exercise button and verify its documented behavior,Expected state transition occurs once; rendered and persisted data retain the selected website provenance,trace+network+database+cleanup,3,Restore disposable fixture,integration+e2e,NOT RUN,,
CTRL.CENSUS.0656,STG_DISPOSABLE,owner_jose,Authenticated workspace; seeded state matching the control,component,src/components/publishing-plan-manager.tsx:324:onClick:2,Exercise onClick and verify its documented behavior,Expected state transition occurs once; rendered and persisted data retain the selected website provenance,trace+network+database+cleanup,3,Restore disposable fixture,integration+e2e,NOT RUN,,
CTRL.CENSUS.0657,STG_DISPOSABLE,owner_jose,Authenticated workspace; seeded state matching the control,component,src/components/publishing-plan-manager.tsx:324:button:3,Exercise button and verify its documented behavior,Expected state transition occurs once; rendered and persisted data retain the selected website provenance,trace+network+database+cleanup,3,Restore disposable fixture,integration+e2e,NOT RUN,,
CTRL.CENSUS.0658,STG_DISPOSABLE,owner_jose,Authenticated workspace; seeded state matching the control,component,src/components/publishing-plan-manager.tsx:324:onClick:4,Exercise onClick and verify its documented behavior,Expected state transition occurs once; rendered and persisted data retain the selected website provenance,trace+network+database+cleanup,3,Restore disposable fixture,integration+e2e,NOT RUN,,
CTRL.CENSUS.0659,STG_DISPOSABLE,owner_jose,Authenticated workspace; seeded state matching the control,component,src/components/publishing-plan-manager.tsx:326:button:1,Exercise button and verify its documented behavior,Expected state transition occurs once; rendered and persisted data retain the selected website provenance,trace+network+database+cleanup,3,Restore disposable fixture,integration+e2e,NOT RUN,,
CTRL.CENSUS.0660,STG_DISPOSABLE,owner_jose,Authenticated workspace; seeded state matching the control,component,src/components/publishing-plan-manager.tsx:326:onClick:2,Exercise onClick and verify its documented behavior,Expected state transition occurs once; rendered and persisted data retain the selected website provenance,trace+network+database+cleanup,3,Restore disposable fixture,integration+e2e,NOT RUN,,
CTRL.CENSUS.0661,STG_DISPOSABLE,owner_jose,Authenticated workspace; seeded state matching the control,component,src/components/publishing-plan-manager.tsx:330:button:1,Exercise button and verify its documented behavior,Expected state transition occurs once; rendered and persisted data retain the selected website provenance,trace+network+database+cleanup,3,Restore disposable fixture,integration+e2e,NOT RUN,,
CTRL.CENSUS.0662,STG_DISPOSABLE,owner_jose,Authenticated workspace; seeded state matching the control,component,src/components/publishing-plan-manager.tsx:330:onClick:2,Exercise onClick and verify its documented behavior,Expected state transition occurs once; rendered and persisted data retain the selected website provenance,trace+network+database+cleanup,3,Restore disposable fixture,integration+e2e,NOT RUN,,
CTRL.CENSUS.0663,SF_PROD,owner_jose,Authenticated workspace; seeded state matching the control,component,src/components/publishing-plan-manager.tsx:331:button:1,Exercise button and verify its documented behavior,Expected state transition occurs once; rendered and persisted data retain the selected website provenance,trace+screenshot+network,0,none,e2e,NOT RUN,,
CTRL.CENSUS.0664,SF_PROD,owner_jose,Authenticated workspace; seeded state matching the control,component,src/components/publishing-plan-manager.tsx:331:onClick:2,Exercise onClick and verify its documented behavior,Expected state transition occurs once; rendered and persisted data retain the selected website provenance,trace+screenshot+network,0,none,e2e,NOT RUN,,
CTRL.CENSUS.0665,SF_PROD,owner_jose,Authenticated workspace; seeded state matching the control,component,src/components/publishing-plan-manager.tsx:332:button:1,Exercise button and verify its documented behavior,Expected state transition occurs once; rendered and persisted data retain the selected website provenance,trace+screenshot+network,0,none,e2e,NOT RUN,,
CTRL.CENSUS.0666,SF_PROD,owner_jose,Authenticated workspace; seeded state matching the control,component,src/components/publishing-plan-manager.tsx:332:onClick:2,Exercise onClick and verify its documented behavior,Expected state transition occurs once; rendered and persisted data retain the selected website provenance,trace+screenshot+network,0,none,e2e,NOT RUN,,
CTRL.CENSUS.0667,STG_DISPOSABLE,owner_jose,Authenticated workspace; seeded state matching the control,component,src/components/publishing-plan-manager.tsx:335:button:1,Exercise button and verify its documented behavior,Expected state transition occurs once; rendered and persisted data retain the selected website provenance,trace+network+database+cleanup,3,Restore disposable fixture,integration+e2e,NOT RUN,,
CTRL.CENSUS.0668,STG_DISPOSABLE,owner_jose,Authenticated workspace; seeded state matching the control,component,src/components/publishing-plan-manager.tsx:335:onClick:2,Exercise onClick and verify its documented behavior,Expected state transition occurs once; rendered and persisted data retain the selected website provenance,trace+network+database+cleanup,3,Restore disposable fixture,integration+e2e,NOT RUN,,
CTRL.CENSUS.0669,SF_PROD,owner_jose,Authenticated workspace; seeded state matching the control,component,src/components/publishing-plan-manager.tsx:337:button:1,Exercise button and verify its documented behavior,Expected state transition occurs once; rendered and persisted data retain the selected website provenance,trace+screenshot+network,0,none,e2e,NOT RUN,,
CTRL.CENSUS.0670,SF_PROD,owner_jose,Authenticated workspace; seeded state matching the control,component,src/components/publishing-plan-manager.tsx:337:onClick:2,Exercise onClick and verify its documented behavior,Expected state transition occurs once; rendered and persisted data retain the selected website provenance,trace+screenshot+network,0,none,e2e,NOT RUN,,
CTRL.CENSUS.0671,SF_PROD,owner_jose,Authenticated workspace; seeded state matching the control,component,src/components/publishing-plan-manager.tsx:338:button:1,Exercise button and verify its documented behavior,Expected state transition occurs once; rendered and persisted data retain the selected website provenance,trace+screenshot+network,0,none,e2e,NOT RUN,,
CTRL.CENSUS.0672,SF_PROD,owner_jose,Authenticated workspace; seeded state matching the control,component,src/components/publishing-plan-manager.tsx:338:onClick:2,Exercise onClick and verify its documented behavior,Expected state transition occurs once; rendered and persisted data retain the selected website provenance,trace+screenshot+network,0,none,e2e,NOT RUN,,
CTRL.CENSUS.0673,STG_DISPOSABLE,owner_jose,Authenticated workspace; seeded state matching the control,component,src/components/publishing-plan-manager.tsx:341:button:1,Exercise button and verify its documented behavior,Expected state transition occurs once; rendered and persisted data retain the selected website provenance,trace+network+database+cleanup,3,Restore disposable fixture,integration+e2e,NOT RUN,,
CTRL.CENSUS.0674,STG_DISPOSABLE,owner_jose,Authenticated workspace; seeded state matching the control,component,src/components/publishing-plan-manager.tsx:341:onClick:2,Exercise onClick and verify its documented behavior,Expected state transition occurs once; rendered and persisted data retain the selected website provenance,trace+network+database+cleanup,3,Restore disposable fixture,integration+e2e,NOT RUN,,
CTRL.CENSUS.0675,STG_DISPOSABLE,owner_jose,Authenticated workspace; seeded state matching the control,component,src/components/publishing-plan-manager.tsx:341:button:3,Exercise button and verify its documented behavior,Expected state transition occurs once; rendered and persisted data retain the selected website provenance,trace+network+database+cleanup,3,Restore disposable fixture,integration+e2e,NOT RUN,,
CTRL.CENSUS.0676,STG_DISPOSABLE,owner_jose,Authenticated workspace; seeded state matching the control,component,src/components/publishing-plan-manager.tsx:341:onClick:4,Exercise onClick and verify its documented behavior,Expected state transition occurs once; rendered and persisted data retain the selected website provenance,trace+network+database+cleanup,3,Restore disposable fixture,integration+e2e,NOT RUN,,
CTRL.CENSUS.0677,STG_DISPOSABLE,owner_jose,Authenticated workspace; seeded state matching the control,component,src/components/publishing-plan-manager.tsx:341:button:5,Exercise button and verify its documented behavior,Expected state transition occurs once; rendered and persisted data retain the selected website provenance,trace+network+database+cleanup,3,Restore disposable fixture,integration+e2e,NOT RUN,,
CTRL.CENSUS.0678,STG_DISPOSABLE,owner_jose,Authenticated workspace; seeded state matching the control,component,src/components/publishing-plan-manager.tsx:341:onClick:6,Exercise onClick and verify its documented behavior,Expected state transition occurs once; rendered and persisted data retain the selected website provenance,trace+network+database+cleanup,3,Restore disposable fixture,integration+e2e,NOT RUN,,
CTRL.CENSUS.0679,STG_DISPOSABLE,owner_jose,Authenticated workspace; seeded state matching the control,component,src/components/publishing-plan-manager.tsx:355:button:1,Exercise button and verify its documented behavior,Expected state transition occurs once; rendered and persisted data retain the selected website provenance,trace+network+database+cleanup,3,Restore disposable fixture,integration+e2e,NOT RUN,,
CTRL.CENSUS.0680,STG_DISPOSABLE,owner_jose,Authenticated workspace; seeded state matching the control,component,src/components/publishing-plan-manager.tsx:355:onClick:2,Exercise onClick and verify its documented behavior,Expected state transition occurs once; rendered and persisted data retain the selected website provenance,trace+network+database+cleanup,3,Restore disposable fixture,integration+e2e,NOT RUN,,
CTRL.CENSUS.0681,STG_DISPOSABLE,owner_jose,Authenticated workspace; seeded state matching the control,component,src/components/publishing-plan-manager.tsx:356:button:1,Exercise button and verify its documented behavior,Expected state transition occurs once; rendered and persisted data retain the selected website provenance,trace+network+database+cleanup,3,Restore disposable fixture,integration+e2e,NOT RUN,,
CTRL.CENSUS.0682,STG_DISPOSABLE,owner_jose,Authenticated workspace; seeded state matching the control,component,src/components/publishing-plan-manager.tsx:356:onClick:2,Exercise onClick and verify its documented behavior,Expected state transition occurs once; rendered and persisted data retain the selected website provenance,trace+network+database+cleanup,3,Restore disposable fixture,integration+e2e,NOT RUN,,
CTRL.CENSUS.0683,STG_DISPOSABLE,owner_jose,Authenticated workspace; seeded state matching the control,component,src/components/publishing-plan-manager.tsx:359:button:1,Exercise button and verify its documented behavior,Expected state transition occurs once; rendered and persisted data retain the selected website provenance,trace+network+database+cleanup,3,Restore disposable fixture,integration+e2e,NOT RUN,,
CTRL.CENSUS.0684,STG_DISPOSABLE,owner_jose,Authenticated workspace; seeded state matching the control,component,src/components/publishing-plan-manager.tsx:359:onClick:2,Exercise onClick and verify its documented behavior,Expected state transition occurs once; rendered and persisted data retain the selected website provenance,trace+network+database+cleanup,3,Restore disposable fixture,integration+e2e,NOT RUN,,
CTRL.CENSUS.0685,STG_DISPOSABLE,owner_jose,Authenticated workspace; seeded state matching the control,component,src/components/publishing-plan-manager.tsx:366:button:1,Exercise button and verify its documented behavior,Expected state transition occurs once; rendered and persisted data retain the selected website provenance,trace+network+database+cleanup,3,Restore disposable fixture,integration+e2e,NOT RUN,,
CTRL.CENSUS.0686,STG_DISPOSABLE,owner_jose,Authenticated workspace; seeded state matching the control,component,src/components/publishing-plan-manager.tsx:366:onClick:2,Exercise onClick and verify its documented behavior,Expected state transition occurs once; rendered and persisted data retain the selected website provenance,trace+network+database+cleanup,3,Restore disposable fixture,integration+e2e,NOT RUN,,
CTRL.CENSUS.0687,STG_DISPOSABLE,owner_jose,Authenticated workspace; seeded state matching the control,component,src/components/publishing-plan-manager.tsx:367:button:1,Exercise button and verify its documented behavior,Expected state transition occurs once; rendered and persisted data retain the selected website provenance,trace+network+database+cleanup,3,Restore disposable fixture,integration+e2e,NOT RUN,,
CTRL.CENSUS.0688,STG_DISPOSABLE,owner_jose,Authenticated workspace; seeded state matching the control,component,src/components/publishing-plan-manager.tsx:367:onClick:2,Exercise onClick and verify its documented behavior,Expected state transition occurs once; rendered and persisted data retain the selected website provenance,trace+network+database+cleanup,3,Restore disposable fixture,integration+e2e,NOT RUN,,
CTRL.CENSUS.0689,STG_DISPOSABLE,owner_jose,Authenticated workspace; seeded state matching the control,component,src/components/publishing-plan-manager.tsx:373:button:1,Exercise button and verify its documented behavior,Expected state transition occurs once; rendered and persisted data retain the selected website provenance,trace+network+database+cleanup,3,Restore disposable fixture,integration+e2e,NOT RUN,,
CTRL.CENSUS.0690,STG_DISPOSABLE,owner_jose,Authenticated workspace; seeded state matching the control,component,src/components/publishing-plan-manager.tsx:373:onClick:2,Exercise onClick and verify its documented behavior,Expected state transition occurs once; rendered and persisted data retain the selected website provenance,trace+network+database+cleanup,3,Restore disposable fixture,integration+e2e,NOT RUN,,
CTRL.CENSUS.0691,STG_DISPOSABLE,owner_jose,Authenticated workspace; seeded state matching the control,component,src/components/publishing-plan-manager.tsx:385:button:1,Exercise button and verify its documented behavior,Expected state transition occurs once; rendered and persisted data retain the selected website provenance,trace+network+database+cleanup,3,Restore disposable fixture,integration+e2e,NOT RUN,,
CTRL.CENSUS.0692,STG_DISPOSABLE,owner_jose,Authenticated workspace; seeded state matching the control,component,src/components/publishing-plan-manager.tsx:385:onClick:2,Exercise onClick and verify its documented behavior,Expected state transition occurs once; rendered and persisted data retain the selected website provenance,trace+network+database+cleanup,3,Restore disposable fixture,integration+e2e,NOT RUN,,
CTRL.CENSUS.0693,STG_DISPOSABLE,owner_jose,Authenticated workspace; seeded state matching the control,component,src/components/publishing-plan-manager.tsx:391:a:1,Exercise a and verify its documented behavior,Expected state transition occurs once; rendered and persisted data retain the selected website provenance,trace+network+database+cleanup,3,Restore disposable fixture,integration+e2e,NOT RUN,,
CTRL.CENSUS.0694,STG_DISPOSABLE,owner_jose,Authenticated workspace; seeded state matching the control,component,src/components/publishing-plan-manager.tsx:392:a:1,Exercise a and verify its documented behavior,Expected state transition occurs once; rendered and persisted data retain the selected website provenance,trace+network+database+cleanup,2,Restore disposable fixture,integration+e2e,NOT RUN,,
CTRL.CENSUS.0695,SF_PROD,owner_jose,Authenticated workspace; seeded state matching the control,component,src/components/publishing-plan-manager.tsx:393:a:1,Exercise a and verify its documented behavior,Expected state transition occurs once; rendered and persisted data retain the selected website provenance,trace+screenshot+network,0,none,e2e,NOT RUN,,
CTRL.CENSUS.0696,STG_DISPOSABLE,owner_jose,Authenticated workspace; seeded state matching the control,component,src/components/publishing-plan-manager.tsx:394:button:1,Exercise button and verify its documented behavior,Expected state transition occurs once; rendered and persisted data retain the selected website provenance,trace+network+database+cleanup,3,Restore disposable fixture,integration+e2e,NOT RUN,,
CTRL.CENSUS.0697,STG_DISPOSABLE,owner_jose,Authenticated workspace; seeded state matching the control,component,src/components/publishing-plan-manager.tsx:394:onClick:2,Exercise onClick and verify its documented behavior,Expected state transition occurs once; rendered and persisted data retain the selected website provenance,trace+network+database+cleanup,3,Restore disposable fixture,integration+e2e,NOT RUN,,
CTRL.CENSUS.0698,STG_DISPOSABLE,owner_jose,Authenticated workspace; seeded state matching the control,component,src/components/publishing-plan-manager.tsx:395:a:1,Exercise a and verify its documented behavior,Expected state transition occurs once; rendered and persisted data retain the selected website provenance,trace+network+database+cleanup,3,Restore disposable fixture,integration+e2e,NOT RUN,,
CTRL.CENSUS.0699,STG_DISPOSABLE,owner_jose,Authenticated workspace; seeded state matching the control,component,src/components/publishing-plan-manager.tsx:396:button:1,Exercise button and verify its documented behavior,Expected state transition occurs once; rendered and persisted data retain the selected website provenance,trace+network+database+cleanup,3,Restore disposable fixture,integration+e2e,NOT RUN,,
CTRL.CENSUS.0700,STG_DISPOSABLE,owner_jose,Authenticated workspace; seeded state matching the control,component,src/components/publishing-plan-manager.tsx:396:onClick:2,Exercise onClick and verify its documented behavior,Expected state transition occurs once; rendered and persisted data retain the selected website provenance,trace+network+database+cleanup,3,Restore disposable fixture,integration+e2e,NOT RUN,,
CTRL.CENSUS.0701,SF_PROD,owner_jose,Authenticated workspace; seeded state matching the control,component,src/components/publishing-plan-manager.tsx:397:a:1,Exercise a and verify its documented behavior,Expected state transition occurs once; rendered and persisted data retain the selected website provenance,trace+screenshot+network,0,none,e2e,NOT RUN,,
CTRL.CENSUS.0702,SF_PROD,owner_jose,Authenticated workspace; seeded state matching the control,component,src/components/publishing-plan-manager.tsx:397:a:2,Exercise a and verify its documented behavior,Expected state transition occurs once; rendered and persisted data retain the selected website provenance,trace+screenshot+network,0,none,e2e,NOT RUN,,
CTRL.CENSUS.0703,STG_DISPOSABLE,owner_jose,Authenticated workspace; seeded state matching the control,component,src/components/publishing-plan-manager.tsx:403:button:1,Exercise button and verify its documented behavior,Expected state transition occurs once; rendered and persisted data retain the selected website provenance,trace+network+database+cleanup,3,Restore disposable fixture,integration+e2e,NOT RUN,,
CTRL.CENSUS.0704,STG_DISPOSABLE,owner_jose,Authenticated workspace; seeded state matching the control,component,src/components/publishing-plan-manager.tsx:403:onClick:2,Exercise onClick and verify its documented behavior,Expected state transition occurs once; rendered and persisted data retain the selected website provenance,trace+network+database+cleanup,3,Restore disposable fixture,integration+e2e,NOT RUN,,
CTRL.CENSUS.0705,STG_DISPOSABLE,owner_jose,Authenticated workspace; seeded state matching the control,component,src/components/publishing-plan-manager.tsx:403:button:3,Exercise button and verify its documented behavior,Expected state transition occurs once; rendered and persisted data retain the selected website provenance,trace+network+database+cleanup,3,Restore disposable fixture,integration+e2e,NOT RUN,,
CTRL.CENSUS.0706,STG_DISPOSABLE,owner_jose,Authenticated workspace; seeded state matching the control,component,src/components/publishing-plan-manager.tsx:403:onClick:4,Exercise onClick and verify its documented behavior,Expected state transition occurs once; rendered and persisted data retain the selected website provenance,trace+network+database+cleanup,3,Restore disposable fixture,integration+e2e,NOT RUN,,
CTRL.CENSUS.0707,STG_DISPOSABLE,owner_jose,Authenticated workspace; seeded state matching the control,component,src/components/publishing-plan-manager.tsx:403:input:5,Exercise input and verify its documented behavior,Expected state transition occurs once; rendered and persisted data retain the selected website provenance,trace+network+database+cleanup,3,Restore disposable fixture,integration+e2e,NOT RUN,,
CTRL.CENSUS.0708,STG_DISPOSABLE,owner_jose,Authenticated workspace; seeded state matching the control,component,src/components/publishing-plan-manager.tsx:403:onChange:6,Exercise onChange and verify its documented behavior,Expected state transition occurs once; rendered and persisted data retain the selected website provenance,trace+network+database+cleanup,3,Restore disposable fixture,integration+e2e,NOT RUN,,
CTRL.CENSUS.0709,STG_DISPOSABLE,owner_jose,Authenticated workspace; seeded state matching the control,component,src/components/publishing-plan-manager.tsx:403:input:7,Exercise input and verify its documented behavior,Expected state transition occurs once; rendered and persisted data retain the selected website provenance,trace+network+database+cleanup,3,Restore disposable fixture,integration+e2e,NOT RUN,,
CTRL.CENSUS.0710,STG_DISPOSABLE,owner_jose,Authenticated workspace; seeded state matching the control,component,src/components/publishing-plan-manager.tsx:403:onChange:8,Exercise onChange and verify its documented behavior,Expected state transition occurs once; rendered and persisted data retain the selected website provenance,trace+network+database+cleanup,3,Restore disposable fixture,integration+e2e,NOT RUN,,
CTRL.CENSUS.0711,STG_DISPOSABLE,owner_jose,Authenticated workspace; seeded state matching the control,component,src/components/publishing-plan-manager.tsx:403:select:9,Exercise select and verify its documented behavior,Expected state transition occurs once; rendered and persisted data retain the selected website provenance,trace+network+database+cleanup,3,Restore disposable fixture,integration+e2e,NOT RUN,,
CTRL.CENSUS.0712,STG_DISPOSABLE,owner_jose,Authenticated workspace; seeded state matching the control,component,src/components/publishing-plan-manager.tsx:403:onChange:10,Exercise onChange and verify its documented behavior,Expected state transition occurs once; rendered and persisted data retain the selected website provenance,trace+network+database+cleanup,3,Restore disposable fixture,integration+e2e,NOT RUN,,
CTRL.CENSUS.0713,STG_DISPOSABLE,owner_jose,Authenticated workspace; seeded state matching the control,component,src/components/publishing-plan-manager.tsx:403:input:11,Exercise input and verify its documented behavior,Expected state transition occurs once; rendered and persisted data retain the selected website provenance,trace+network+database+cleanup,3,Restore disposable fixture,integration+e2e,NOT RUN,,
CTRL.CENSUS.0714,STG_DISPOSABLE,owner_jose,Authenticated workspace; seeded state matching the control,component,src/components/publishing-plan-manager.tsx:403:onChange:12,Exercise onChange and verify its documented behavior,Expected state transition occurs once; rendered and persisted data retain the selected website provenance,trace+network+database+cleanup,3,Restore disposable fixture,integration+e2e,NOT RUN,,
CTRL.CENSUS.0715,STG_DISPOSABLE,owner_jose,Authenticated workspace; seeded state matching the control,component,src/components/publishing-plan-manager.tsx:403:button:13,Exercise button and verify its documented behavior,Expected state transition occurs once; rendered and persisted data retain the selected website provenance,trace+network+database+cleanup,3,Restore disposable fixture,integration+e2e,NOT RUN,,
CTRL.CENSUS.0716,STG_DISPOSABLE,owner_jose,Authenticated workspace; seeded state matching the control,component,src/components/publishing-plan-manager.tsx:403:onClick:14,Exercise onClick and verify its documented behavior,Expected state transition occurs once; rendered and persisted data retain the selected website provenance,trace+network+database+cleanup,3,Restore disposable fixture,integration+e2e,NOT RUN,,
CTRL.CENSUS.0717,STG_DISPOSABLE,owner_jose,Authenticated workspace; seeded state matching the control,component,src/components/publishing-plan-manager.tsx:403:button:15,Exercise button and verify its documented behavior,Expected state transition occurs once; rendered and persisted data retain the selected website provenance,trace+network+database+cleanup,3,Restore disposable fixture,integration+e2e,NOT RUN,,
CTRL.CENSUS.0718,STG_DISPOSABLE,owner_jose,Authenticated workspace; seeded state matching the control,component,src/components/publishing-plan-manager.tsx:403:onClick:16,Exercise onClick and verify its documented behavior,Expected state transition occurs once; rendered and persisted data retain the selected website provenance,trace+network+database+cleanup,3,Restore disposable fixture,integration+e2e,NOT RUN,,
CTRL.CENSUS.0719,STG_DISPOSABLE,owner_jose,Authenticated workspace; seeded state matching the control,component,src/components/publishing-plan-manager.tsx:405:button:1,Exercise button and verify its documented behavior,Expected state transition occurs once; rendered and persisted data retain the selected website provenance,trace+network+database+cleanup,3,Restore disposable fixture,integration+e2e,NOT RUN,,
CTRL.CENSUS.0720,STG_DISPOSABLE,owner_jose,Authenticated workspace; seeded state matching the control,component,src/components/publishing-plan-manager.tsx:405:onClick:2,Exercise onClick and verify its documented behavior,Expected state transition occurs once; rendered and persisted data retain the selected website provenance,trace+network+database+cleanup,3,Restore disposable fixture,integration+e2e,NOT RUN,,
CTRL.CENSUS.0721,STG_DISPOSABLE,owner_jose,Authenticated workspace; seeded state matching the control,component,src/components/publishing-plan-manager.tsx:405:button:3,Exercise button and verify its documented behavior,Expected state transition occurs once; rendered and persisted data retain the selected website provenance,trace+network+database+cleanup,3,Restore disposable fixture,integration+e2e,NOT RUN,,
CTRL.CENSUS.0722,STG_DISPOSABLE,owner_jose,Authenticated workspace; seeded state matching the control,component,src/components/publishing-plan-manager.tsx:405:onClick:4,Exercise onClick and verify its documented behavior,Expected state transition occurs once; rendered and persisted data retain the selected website provenance,trace+network+database+cleanup,3,Restore disposable fixture,integration+e2e,NOT RUN,,
CTRL.CENSUS.0723,STG_DISPOSABLE,owner_jose,Authenticated workspace; seeded state matching the control,component,src/components/publishing-plan-manager.tsx:405:button:5,Exercise button and verify its documented behavior,Expected state transition occurs once; rendered and persisted data retain the selected website provenance,trace+network+database+cleanup,3,Restore disposable fixture,integration+e2e,NOT RUN,,
CTRL.CENSUS.0724,STG_DISPOSABLE,owner_jose,Authenticated workspace; seeded state matching the control,component,src/components/publishing-plan-manager.tsx:405:onClick:6,Exercise onClick and verify its documented behavior,Expected state transition occurs once; rendered and persisted data retain the selected website provenance,trace+network+database+cleanup,3,Restore disposable fixture,integration+e2e,NOT RUN,,
CTRL.CENSUS.0725,STG_DISPOSABLE,owner_jose,Authenticated workspace; seeded state matching the control,component,src/components/quest-completion.tsx:31:button:1,Exercise button and verify its documented behavior,Expected state transition occurs once; rendered and persisted data retain the selected website provenance,trace+network+database+cleanup,1,Restore disposable fixture,integration+e2e,NOT RUN,,
CTRL.CENSUS.0726,STG_DISPOSABLE,owner_jose,Authenticated workspace; seeded state matching the control,component,src/components/quest-completion.tsx:31:onClick:2,Exercise onClick and verify its documented behavior,Expected state transition occurs once; rendered and persisted data retain the selected website provenance,trace+network+database+cleanup,1,Restore disposable fixture,integration+e2e,NOT RUN,,
CTRL.CENSUS.0727,STG_DISPOSABLE,owner_jose,Authenticated workspace; seeded state matching the control,component,src/components/rank-tracker-workspace.tsx:129:Link:1,Exercise Link and verify its documented behavior,Expected state transition occurs once; rendered and persisted data retain the selected website provenance,trace+network+database+cleanup,1,Restore disposable fixture,integration+e2e,NOT RUN,,
CTRL.CENSUS.0728,SF_PROD,owner_jose,Authenticated workspace; seeded state matching the control,component,src/components/rank-tracker-workspace.tsx:167:button:1,Exercise button and verify its documented behavior,Expected state transition occurs once; rendered and persisted data retain the selected website provenance,trace+screenshot+network,0,none,e2e,NOT RUN,,
CTRL.CENSUS.0729,SF_PROD,owner_jose,Authenticated workspace; seeded state matching the control,component,src/components/rank-tracker-workspace.tsx:167:onClick:2,Exercise onClick and verify its documented behavior,Expected state transition occurs once; rendered and persisted data retain the selected website provenance,trace+screenshot+network,0,none,e2e,NOT RUN,,
CTRL.CENSUS.0730,SF_PROD,owner_jose,Authenticated workspace; seeded state matching the control,component,src/components/rank-tracker-workspace.tsx:168:button:1,Exercise button and verify its documented behavior,Expected state transition occurs once; rendered and persisted data retain the selected website provenance,trace+screenshot+network,0,none,e2e,NOT RUN,,
CTRL.CENSUS.0731,SF_PROD,owner_jose,Authenticated workspace; seeded state matching the control,component,src/components/rank-tracker-workspace.tsx:168:onClick:2,Exercise onClick and verify its documented behavior,Expected state transition occurs once; rendered and persisted data retain the selected website provenance,trace+screenshot+network,0,none,e2e,NOT RUN,,
CTRL.CENSUS.0732,SF_PROD,owner_jose,Authenticated workspace; seeded state matching the control,component,src/components/rank-tracker-workspace.tsx:169:button:1,Exercise button and verify its documented behavior,Expected state transition occurs once; rendered and persisted data retain the selected website provenance,trace+screenshot+network,0,none,e2e,NOT RUN,,
CTRL.CENSUS.0733,SF_PROD,owner_jose,Authenticated workspace; seeded state matching the control,component,src/components/rank-tracker-workspace.tsx:169:onClick:2,Exercise onClick and verify its documented behavior,Expected state transition occurs once; rendered and persisted data retain the selected website provenance,trace+screenshot+network,0,none,e2e,NOT RUN,,
CTRL.CENSUS.0734,SF_PROD,owner_jose,Authenticated workspace; seeded state matching the control,component,src/components/rank-tracker-workspace.tsx:170:form:1,Exercise form and verify its documented behavior,Expected state transition occurs once; rendered and persisted data retain the selected website provenance,trace+screenshot+network,0,none,e2e,NOT RUN,,
CTRL.CENSUS.0735,SF_PROD,owner_jose,Authenticated workspace; seeded state matching the control,component,src/components/rank-tracker-workspace.tsx:170:onSubmit:2,Exercise onSubmit and verify its documented behavior,Expected state transition occurs once; rendered and persisted data retain the selected website provenance,trace+screenshot+network,0,none,e2e,NOT RUN,,
CTRL.CENSUS.0736,SF_PROD,owner_jose,Authenticated workspace; seeded state matching the control,component,src/components/rank-tracker-workspace.tsx:170:input:3,Exercise input and verify its documented behavior,Expected state transition occurs once; rendered and persisted data retain the selected website provenance,trace+screenshot+network,0,none,e2e,NOT RUN,,
CTRL.CENSUS.0737,SF_PROD,owner_jose,Authenticated workspace; seeded state matching the control,component,src/components/rank-tracker-workspace.tsx:170:onChange:4,Exercise onChange and verify its documented behavior,Expected state transition occurs once; rendered and persisted data retain the selected website provenance,trace+screenshot+network,0,none,e2e,NOT RUN,,
CTRL.CENSUS.0738,SF_PROD,owner_jose,Authenticated workspace; seeded state matching the control,component,src/components/rank-tracker-workspace.tsx:170:button:5,Exercise button and verify its documented behavior,Expected state transition occurs once; rendered and persisted data retain the selected website provenance,trace+screenshot+network,0,none,e2e,NOT RUN,,
CTRL.CENSUS.0739,STG_DISPOSABLE,owner_jose,Authenticated workspace; seeded state matching the control,component,src/components/rank-tracker-workspace.tsx:174:form:1,Exercise form and verify its documented behavior,Expected state transition occurs once; rendered and persisted data retain the selected website provenance,trace+network+database+cleanup,1,Restore disposable fixture,integration+e2e,NOT RUN,,
CTRL.CENSUS.0740,STG_DISPOSABLE,owner_jose,Authenticated workspace; seeded state matching the control,component,src/components/rank-tracker-workspace.tsx:174:onSubmit:2,Exercise onSubmit and verify its documented behavior,Expected state transition occurs once; rendered and persisted data retain the selected website provenance,trace+network+database+cleanup,1,Restore disposable fixture,integration+e2e,NOT RUN,,
CTRL.CENSUS.0741,STG_DISPOSABLE,owner_jose,Authenticated workspace; seeded state matching the control,component,src/components/rank-tracker-workspace.tsx:174:input:3,Exercise input and verify its documented behavior,Expected state transition occurs once; rendered and persisted data retain the selected website provenance,trace+network+database+cleanup,1,Restore disposable fixture,integration+e2e,NOT RUN,,
CTRL.CENSUS.0742,STG_DISPOSABLE,owner_jose,Authenticated workspace; seeded state matching the control,component,src/components/rank-tracker-workspace.tsx:174:onChange:4,Exercise onChange and verify its documented behavior,Expected state transition occurs once; rendered and persisted data retain the selected website provenance,trace+network+database+cleanup,1,Restore disposable fixture,integration+e2e,NOT RUN,,
CTRL.CENSUS.0743,STG_DISPOSABLE,owner_jose,Authenticated workspace; seeded state matching the control,component,src/components/rank-tracker-workspace.tsx:174:button:5,Exercise button and verify its documented behavior,Expected state transition occurs once; rendered and persisted data retain the selected website provenance,trace+network+database+cleanup,1,Restore disposable fixture,integration+e2e,NOT RUN,,
CTRL.CENSUS.0744,STG_DISPOSABLE,owner_jose,Authenticated workspace; seeded state matching the control,component,src/components/rank-tracker-workspace.tsx:179:a:1,Exercise a and verify its documented behavior,Expected state transition occurs once; rendered and persisted data retain the selected website provenance,trace+network+database+cleanup,1,Restore disposable fixture,integration+e2e,NOT RUN,,
CTRL.CENSUS.0745,STG_DISPOSABLE,owner_jose,Authenticated workspace; seeded state matching the control,component,src/components/rank-tracker-workspace.tsx:179:select:2,Exercise select and verify its documented behavior,Expected state transition occurs once; rendered and persisted data retain the selected website provenance,trace+network+database+cleanup,1,Restore disposable fixture,integration+e2e,NOT RUN,,
CTRL.CENSUS.0746,STG_DISPOSABLE,owner_jose,Authenticated workspace; seeded state matching the control,component,src/components/rank-tracker-workspace.tsx:179:onChange:3,Exercise onChange and verify its documented behavior,Expected state transition occurs once; rendered and persisted data retain the selected website provenance,trace+network+database+cleanup,1,Restore disposable fixture,integration+e2e,NOT RUN,,
CTRL.CENSUS.0747,STG_DISPOSABLE,owner_jose,Authenticated workspace; seeded state matching the control,component,src/components/rank-tracker-workspace.tsx:179:button:4,Exercise button and verify its documented behavior,Expected state transition occurs once; rendered and persisted data retain the selected website provenance,trace+network+database+cleanup,1,Restore disposable fixture,integration+e2e,NOT RUN,,
CTRL.CENSUS.0748,STG_DISPOSABLE,owner_jose,Authenticated workspace; seeded state matching the control,component,src/components/rank-tracker-workspace.tsx:179:onClick:5,Exercise onClick and verify its documented behavior,Expected state transition occurs once; rendered and persisted data retain the selected website provenance,trace+network+database+cleanup,1,Restore disposable fixture,integration+e2e,NOT RUN,,
CTRL.CENSUS.0749,STG_DISPOSABLE,owner_jose,Authenticated workspace; seeded state matching the control,component,src/components/rebound-core/calendar-actions.tsx:58:select:1,Exercise select and verify its documented behavior,Expected state transition occurs once; rendered and persisted data retain the selected website provenance,trace+network+database+cleanup,1,Restore disposable fixture,integration+e2e,NOT RUN,,
CTRL.CENSUS.0750,STG_DISPOSABLE,owner_jose,Authenticated workspace; seeded state matching the control,component,src/components/rebound-core/calendar-actions.tsx:58:onChange:2,Exercise onChange and verify its documented behavior,Expected state transition occurs once; rendered and persisted data retain the selected website provenance,trace+network+database+cleanup,1,Restore disposable fixture,integration+e2e,NOT RUN,,
CTRL.CENSUS.0751,STG_DISPOSABLE,owner_jose,Authenticated workspace; seeded state matching the control,component,src/components/rebound-core/calendar-actions.tsx:59:select:1,Exercise select and verify its documented behavior,Expected state transition occurs once; rendered and persisted data retain the selected website provenance,trace+network+database+cleanup,1,Restore disposable fixture,integration+e2e,NOT RUN,,
CTRL.CENSUS.0752,STG_DISPOSABLE,owner_jose,Authenticated workspace; seeded state matching the control,component,src/components/rebound-core/calendar-actions.tsx:59:onChange:2,Exercise onChange and verify its documented behavior,Expected state transition occurs once; rendered and persisted data retain the selected website provenance,trace+network+database+cleanup,1,Restore disposable fixture,integration+e2e,NOT RUN,,
CTRL.CENSUS.0753,STG_DISPOSABLE,owner_jose,Authenticated workspace; seeded state matching the control,component,src/components/rebound-core/calendar-actions.tsx:60:button:1,Exercise button and verify its documented behavior,Expected state transition occurs once; rendered and persisted data retain the selected website provenance,trace+network+database+cleanup,3,Restore disposable fixture,integration+e2e,NOT RUN,,
CTRL.CENSUS.0754,STG_DISPOSABLE,owner_jose,Authenticated workspace; seeded state matching the control,component,src/components/rebound-core/calendar-actions.tsx:60:onClick:2,Exercise onClick and verify its documented behavior,Expected state transition occurs once; rendered and persisted data retain the selected website provenance,trace+network+database+cleanup,3,Restore disposable fixture,integration+e2e,NOT RUN,,
CTRL.CENSUS.0755,STG_DISPOSABLE,owner_jose,Authenticated workspace; seeded state matching the control,component,src/components/rebound-core/calendar-actions.tsx:62:Link:1,Exercise Link and verify its documented behavior,Expected state transition occurs once; rendered and persisted data retain the selected website provenance,trace+network+database+cleanup,3,Restore disposable fixture,integration+e2e,NOT RUN,,
CTRL.CENSUS.0756,STG_DISPOSABLE,owner_jose,Authenticated workspace; seeded state matching the control,component,src/components/rebound-core/calendar-topics.tsx:16:Link:1,Exercise Link and verify its documented behavior,Expected state transition occurs once; rendered and persisted data retain the selected website provenance,trace+network+database+cleanup,1,Restore disposable fixture,integration+e2e,NOT RUN,,
CTRL.CENSUS.0757,SF_PROD,owner_jose,Authenticated workspace; seeded state matching the control,component,src/components/rebound-core/coach-home.tsx:49:Link:1,Exercise Link and verify its documented behavior,Expected state transition occurs once; rendered and persisted data retain the selected website provenance,trace+screenshot+network,0,none,e2e,NOT RUN,,
CTRL.CENSUS.0758,SF_PROD,owner_jose,Authenticated workspace; seeded state matching the control,component,src/components/rebound-core/coach-home.tsx:61:Link:1,Exercise Link and verify its documented behavior,Expected state transition occurs once; rendered and persisted data retain the selected website provenance,trace+screenshot+network,0,none,e2e,NOT RUN,,
CTRL.CENSUS.0759,SF_PROD,owner_jose,Authenticated workspace; seeded state matching the control,component,src/components/rebound-core/coach-home.tsx:61:Link:2,Exercise Link and verify its documented behavior,Expected state transition occurs once; rendered and persisted data retain the selected website provenance,trace+screenshot+network,0,none,e2e,NOT RUN,,
CTRL.CENSUS.0760,SF_PROD,owner_jose,Authenticated workspace; seeded state matching the control,component,src/components/rebound-core/coach-home.tsx:62:button:1,Exercise button and verify its documented behavior,Expected state transition occurs once; rendered and persisted data retain the selected website provenance,trace+screenshot+network,0,none,e2e,NOT RUN,,
CTRL.CENSUS.0761,SF_PROD,owner_jose,Authenticated workspace; seeded state matching the control,component,src/components/rebound-core/coach-home.tsx:62:onClick:2,Exercise onClick and verify its documented behavior,Expected state transition occurs once; rendered and persisted data retain the selected website provenance,trace+screenshot+network,0,none,e2e,NOT RUN,,
CTRL.CENSUS.0762,SF_PROD,owner_jose,Authenticated workspace; seeded state matching the control,component,src/components/rebound-core/coach-home.tsx:65:Link:1,Exercise Link and verify its documented behavior,Expected state transition occurs once; rendered and persisted data retain the selected website provenance,trace+screenshot+network,0,none,e2e,NOT RUN,,
CTRL.CENSUS.0763,STG_DISPOSABLE,owner_jose,Authenticated workspace; seeded state matching the control,component,src/components/rebound-core/competitor-audit-refresh.tsx:33:button:1,Exercise button and verify its documented behavior,Expected state transition occurs once; rendered and persisted data retain the selected website provenance,trace+network+database+cleanup,2,Restore disposable fixture,integration+e2e,NOT RUN,,
CTRL.CENSUS.0764,STG_DISPOSABLE,owner_jose,Authenticated workspace; seeded state matching the control,component,src/components/rebound-core/competitor-audit-refresh.tsx:33:onClick:2,Exercise onClick and verify its documented behavior,Expected state transition occurs once; rendered and persisted data retain the selected website provenance,trace+network+database+cleanup,2,Restore disposable fixture,integration+e2e,NOT RUN,,
CTRL.CENSUS.0765,STG_DISPOSABLE,owner_jose,Authenticated workspace; seeded state matching the control,component,src/components/rebound-core/competitor-audit-refresh.tsx:33:Link:3,Exercise Link and verify its documented behavior,Expected state transition occurs once; rendered and persisted data retain the selected website provenance,trace+network+database+cleanup,2,Restore disposable fixture,integration+e2e,NOT RUN,,
CTRL.CENSUS.0766,SF_PROD,owner_jose,Authenticated workspace; seeded state matching the control,component,src/components/rebound-core/core-pages.tsx:20:a:1,Exercise a and verify its documented behavior,Expected state transition occurs once; rendered and persisted data retain the selected website provenance,trace+screenshot+network,0,none,e2e,NOT RUN,,
CTRL.CENSUS.0767,SF_PROD,owner_jose,Authenticated workspace; seeded state matching the control,component,src/components/rebound-core/core-pages.tsx:33:Link:1,Exercise Link and verify its documented behavior,Expected state transition occurs once; rendered and persisted data retain the selected website provenance,trace+screenshot+network,0,none,e2e,NOT RUN,,
CTRL.CENSUS.0768,STG_DISPOSABLE,owner_jose,Authenticated workspace; seeded state matching the control,component,src/components/rebound-core/distribution-opportunity-actions.tsx:20:button:1,Exercise button and verify its documented behavior,Expected state transition occurs once; rendered and persisted data retain the selected website provenance,trace+network+database+cleanup,1,Restore disposable fixture,integration+e2e,NOT RUN,,
CTRL.CENSUS.0769,STG_DISPOSABLE,owner_jose,Authenticated workspace; seeded state matching the control,component,src/components/rebound-core/distribution-opportunity-actions.tsx:21:Link:1,Exercise Link and verify its documented behavior,Expected state transition occurs once; rendered and persisted data retain the selected website provenance,trace+network+database+cleanup,1,Restore disposable fixture,integration+e2e,NOT RUN,,
CTRL.CENSUS.0770,STG_DISPOSABLE,owner_jose,Authenticated workspace; seeded state matching the control,component,src/components/rebound-core/distribution-opportunity-actions.tsx:38:button:1,Exercise button and verify its documented behavior,Expected state transition occurs once; rendered and persisted data retain the selected website provenance,trace+network+database+cleanup,1,Restore disposable fixture,integration+e2e,NOT RUN,,
CTRL.CENSUS.0771,STG_DISPOSABLE,owner_jose,Authenticated workspace; seeded state matching the control,component,src/components/rebound-core/distribution-opportunity-actions.tsx:38:onClick:2,Exercise onClick and verify its documented behavior,Expected state transition occurs once; rendered and persisted data retain the selected website provenance,trace+network+database+cleanup,1,Restore disposable fixture,integration+e2e,NOT RUN,,
CTRL.CENSUS.0772,SF_PROD,owner_jose,Authenticated workspace; seeded state matching the control,component,src/components/rebound-core/draft-approval-actions.tsx:13:Link:1,Exercise Link and verify its documented behavior,Expected state transition occurs once; rendered and persisted data retain the selected website provenance,trace+screenshot+network,0,none,e2e,NOT RUN,,
CTRL.CENSUS.0773,STG_DISPOSABLE,owner_jose,Authenticated workspace; seeded state matching the control,component,src/components/rebound-core/draft-approval-actions.tsx:62:Link:1,Exercise Link and verify its documented behavior,Expected state transition occurs once; rendered and persisted data retain the selected website provenance,trace+network+database+cleanup,1,Restore disposable fixture,integration+e2e,NOT RUN,,
CTRL.CENSUS.0774,STG_DISPOSABLE,owner_jose,Authenticated workspace; seeded state matching the control,component,src/components/rebound-core/draft-approval-actions.tsx:63:button:1,Exercise button and verify its documented behavior,Expected state transition occurs once; rendered and persisted data retain the selected website provenance,trace+network+database+cleanup,1,Restore disposable fixture,integration+e2e,NOT RUN,,
CTRL.CENSUS.0775,STG_DISPOSABLE,owner_jose,Authenticated workspace; seeded state matching the control,component,src/components/rebound-core/draft-approval-actions.tsx:63:onClick:2,Exercise onClick and verify its documented behavior,Expected state transition occurs once; rendered and persisted data retain the selected website provenance,trace+network+database+cleanup,1,Restore disposable fixture,integration+e2e,NOT RUN,,
CTRL.CENSUS.0776,STG_DISPOSABLE,owner_jose,Authenticated workspace; seeded state matching the control,component,src/components/rebound-core/home-calendar.tsx:8:Link:1,Exercise Link and verify its documented behavior,Expected state transition occurs once; rendered and persisted data retain the selected website provenance,trace+network+database+cleanup,3,Restore disposable fixture,integration+e2e,NOT RUN,,
CTRL.CENSUS.0777,STG_DISPOSABLE,owner_jose,Authenticated workspace; seeded state matching the control,component,src/components/rebound-core/home-competitors.tsx:13:Link:1,Exercise Link and verify its documented behavior,Expected state transition occurs once; rendered and persisted data retain the selected website provenance,trace+network+database+cleanup,1,Restore disposable fixture,integration+e2e,NOT RUN,,
CTRL.CENSUS.0778,STG_DISPOSABLE,owner_jose,Authenticated workspace; seeded state matching the control,component,src/components/rebound-core/home-competitors.tsx:13:Link:2,Exercise Link and verify its documented behavior,Expected state transition occurs once; rendered and persisted data retain the selected website provenance,trace+network+database+cleanup,1,Restore disposable fixture,integration+e2e,NOT RUN,,
CTRL.CENSUS.0779,STG_DISPOSABLE,owner_jose,Authenticated workspace; seeded state matching the control,component,src/components/rebound-core/home-dashboard.tsx:26:Link:1,Exercise Link and verify its documented behavior,Expected state transition occurs once; rendered and persisted data retain the selected website provenance,trace+network+database+cleanup,1,Restore disposable fixture,integration+e2e,NOT RUN,,
CTRL.CENSUS.0780,STG_DISPOSABLE,owner_jose,Authenticated workspace; seeded state matching the control,component,src/components/rebound-core/home-dashboard.tsx:26:Link:2,Exercise Link and verify its documented behavior,Expected state transition occurs once; rendered and persisted data retain the selected website provenance,trace+network+database+cleanup,1,Restore disposable fixture,integration+e2e,NOT RUN,,
CTRL.CENSUS.0781,STG_DISPOSABLE,owner_jose,Authenticated workspace; seeded state matching the control,component,src/components/rebound-core/home-keywords.tsx:12:Link:1,Exercise Link and verify its documented behavior,Expected state transition occurs once; rendered and persisted data retain the selected website provenance,trace+network+database+cleanup,1,Restore disposable fixture,integration+e2e,NOT RUN,,
CTRL.CENSUS.0782,STG_DISPOSABLE,owner_jose,Authenticated workspace; seeded state matching the control,component,src/components/rebound-core/home-performance.tsx:37:Link:1,Exercise Link and verify its documented behavior,Expected state transition occurs once; rendered and persisted data retain the selected website provenance,trace+network+database+cleanup,1,Restore disposable fixture,integration+e2e,NOT RUN,,
CTRL.CENSUS.0783,STG_DISPOSABLE,owner_jose,Authenticated workspace; seeded state matching the control,component,src/components/rebound-core/home-performance.tsx:45:Link:1,Exercise Link and verify its documented behavior,Expected state transition occurs once; rendered and persisted data retain the selected website provenance,trace+network+database+cleanup,1,Restore disposable fixture,integration+e2e,NOT RUN,,
CTRL.CENSUS.0784,SF_PROD,owner_jose,Authenticated workspace; seeded state matching the control,component,src/components/rebound-core/month-calendar.tsx:12:a:1,Exercise a and verify its documented behavior,Expected state transition occurs once; rendered and persisted data retain the selected website provenance,trace+screenshot+network,0,none,e2e,NOT RUN,,
CTRL.CENSUS.0785,SF_PROD,owner_jose,Authenticated workspace; seeded state matching the control,component,src/components/rebound-core/month-calendar.tsx:12:onClick:2,Exercise onClick and verify its documented behavior,Expected state transition occurs once; rendered and persisted data retain the selected website provenance,trace+screenshot+network,0,none,e2e,NOT RUN,,
CTRL.CENSUS.0786,STG_DISPOSABLE,owner_jose,Authenticated workspace; seeded state matching the control,component,src/components/rebound-core/month-calendar.tsx:13:a:1,Exercise a and verify its documented behavior,Expected state transition occurs once; rendered and persisted data retain the selected website provenance,trace+network+database+cleanup,1,Restore disposable fixture,integration+e2e,NOT RUN,,
CTRL.CENSUS.0787,STG_DISPOSABLE,owner_jose,Authenticated workspace; seeded state matching the control,component,src/components/rebound-core/month-calendar.tsx:13:onClick:2,Exercise onClick and verify its documented behavior,Expected state transition occurs once; rendered and persisted data retain the selected website provenance,trace+network+database+cleanup,1,Restore disposable fixture,integration+e2e,NOT RUN,,
CTRL.CENSUS.0788,SF_PROD,owner_jose,Authenticated workspace; seeded state matching the control,component,src/components/rebound-core/preview-strip.tsx:7:button:1,Exercise button and verify its documented behavior,Expected state transition occurs once; rendered and persisted data retain the selected website provenance,trace+screenshot+network,0,none,e2e,NOT RUN,,
CTRL.CENSUS.0789,SF_PROD,owner_jose,Authenticated workspace; seeded state matching the control,component,src/components/rebound-core/preview-strip.tsx:7:onClick:2,Exercise onClick and verify its documented behavior,Expected state transition occurs once; rendered and persisted data retain the selected website provenance,trace+screenshot+network,0,none,e2e,NOT RUN,,
CTRL.CENSUS.0790,SF_PROD,owner_jose,Authenticated workspace; seeded state matching the control,component,src/components/rebound-core/primitives.tsx:17:Link:1,Exercise Link and verify its documented behavior,Expected state transition occurs once; rendered and persisted data retain the selected website provenance,trace+screenshot+network,0,none,e2e,NOT RUN,,
CTRL.CENSUS.0791,SF_PROD,owner_jose,Authenticated workspace; seeded state matching the control,component,src/components/rebound-core/primitives.tsx:26:Link:1,Exercise Link and verify its documented behavior,Expected state transition occurs once; rendered and persisted data retain the selected website provenance,trace+screenshot+network,0,none,e2e,NOT RUN,,
CTRL.CENSUS.0792,SF_PROD,owner_jose,Authenticated workspace; seeded state matching the control,component,src/components/rebound-core/primitives.tsx:39:Link:1,Exercise Link and verify its documented behavior,Expected state transition occurs once; rendered and persisted data retain the selected website provenance,trace+screenshot+network,0,none,e2e,NOT RUN,,
CTRL.CENSUS.0793,STG_DISPOSABLE,owner_jose,Authenticated workspace; seeded state matching the control,component,src/components/rebound-core/progress-report-actions.tsx:36:button:1,Exercise button and verify its documented behavior,Expected state transition occurs once; rendered and persisted data retain the selected website provenance,trace+network+database+cleanup,2,Restore disposable fixture,integration+e2e,NOT RUN,,
CTRL.CENSUS.0794,STG_DISPOSABLE,owner_jose,Authenticated workspace; seeded state matching the control,component,src/components/rebound-core/progress-report-actions.tsx:36:onClick:2,Exercise onClick and verify its documented behavior,Expected state transition occurs once; rendered and persisted data retain the selected website provenance,trace+network+database+cleanup,2,Restore disposable fixture,integration+e2e,NOT RUN,,
CTRL.CENSUS.0795,STG_DISPOSABLE,owner_jose,Authenticated workspace; seeded state matching the control,component,src/components/rebound-core/progress-report-actions.tsx:37:Link:1,Exercise Link and verify its documented behavior,Expected state transition occurs once; rendered and persisted data retain the selected website provenance,trace+network+database+cleanup,2,Restore disposable fixture,integration+e2e,NOT RUN,,
CTRL.CENSUS.0796,STG_DISPOSABLE,owner_jose,Authenticated workspace; seeded state matching the control,component,src/components/rebound-core/session-queue.tsx:22:button:1,Exercise button and verify its documented behavior,Expected state transition occurs once; rendered and persisted data retain the selected website provenance,trace+network+database+cleanup,1,Restore disposable fixture,integration+e2e,NOT RUN,,
CTRL.CENSUS.0797,STG_DISPOSABLE,owner_jose,Authenticated workspace; seeded state matching the control,component,src/components/rebound-core/session-queue.tsx:22:onClick:2,Exercise onClick and verify its documented behavior,Expected state transition occurs once; rendered and persisted data retain the selected website provenance,trace+network+database+cleanup,1,Restore disposable fixture,integration+e2e,NOT RUN,,
CTRL.CENSUS.0798,STG_DISPOSABLE,owner_jose,Authenticated workspace; seeded state matching the control,component,src/components/rebound-core/session-queue.tsx:22:Link:3,Exercise Link and verify its documented behavior,Expected state transition occurs once; rendered and persisted data retain the selected website provenance,trace+network+database+cleanup,1,Restore disposable fixture,integration+e2e,NOT RUN,,
CTRL.CENSUS.0799,STG_DISPOSABLE,owner_jose,Authenticated workspace; seeded state matching the control,component,src/components/rebound-core/session-queue.tsx:22:button:4,Exercise button and verify its documented behavior,Expected state transition occurs once; rendered and persisted data retain the selected website provenance,trace+network+database+cleanup,1,Restore disposable fixture,integration+e2e,NOT RUN,,
CTRL.CENSUS.0800,STG_DISPOSABLE,owner_jose,Authenticated workspace; seeded state matching the control,component,src/components/rebound-core/session-queue.tsx:22:onClick:5,Exercise onClick and verify its documented behavior,Expected state transition occurs once; rendered and persisted data retain the selected website provenance,trace+network+database+cleanup,1,Restore disposable fixture,integration+e2e,NOT RUN,,
CTRL.CENSUS.0801,SF_PROD,owner_jose,Authenticated workspace; seeded state matching the control,component,src/components/rebound-core/session-queue.tsx:26:Link:1,Exercise Link and verify its documented behavior,Expected state transition occurs once; rendered and persisted data retain the selected website provenance,trace+screenshot+network,0,none,e2e,NOT RUN,,
CTRL.CENSUS.0802,SF_PROD,owner_jose,Authenticated workspace; seeded state matching the control,component,src/components/repurpose-workspace.tsx:133:input:1,Exercise input and verify its documented behavior,Expected state transition occurs once; rendered and persisted data retain the selected website provenance,trace+screenshot+network,0,none,e2e,NOT RUN,,
CTRL.CENSUS.0803,SF_PROD,owner_jose,Authenticated workspace; seeded state matching the control,component,src/components/repurpose-workspace.tsx:138:onChange:1,Exercise onChange and verify its documented behavior,Expected state transition occurs once; rendered and persisted data retain the selected website provenance,trace+screenshot+network,0,none,e2e,NOT RUN,,
CTRL.CENSUS.0804,SF_PROD,owner_jose,Authenticated workspace; seeded state matching the control,component,src/components/repurpose-workspace.tsx:406:button:1,Exercise button and verify its documented behavior,Expected state transition occurs once; rendered and persisted data retain the selected website provenance,trace+screenshot+network,0,none,e2e,NOT RUN,,
CTRL.CENSUS.0805,SF_PROD,owner_jose,Authenticated workspace; seeded state matching the control,component,src/components/repurpose-workspace.tsx:408:role:1,Exercise role and verify its documented behavior,Expected state transition occurs once; rendered and persisted data retain the selected website provenance,trace+screenshot+network,0,none,e2e,NOT RUN,,
CTRL.CENSUS.0806,SF_PROD,owner_jose,Authenticated workspace; seeded state matching the control,component,src/components/repurpose-workspace.tsx:411:onClick:1,Exercise onClick and verify its documented behavior,Expected state transition occurs once; rendered and persisted data retain the selected website provenance,trace+screenshot+network,0,none,e2e,NOT RUN,,
CTRL.CENSUS.0807,SF_PROD,owner_jose,Authenticated workspace; seeded state matching the control,component,src/components/repurpose-workspace.tsx:427:input:1,Exercise input and verify its documented behavior,Expected state transition occurs once; rendered and persisted data retain the selected website provenance,trace+screenshot+network,0,none,e2e,NOT RUN,,
CTRL.CENSUS.0808,SF_PROD,owner_jose,Authenticated workspace; seeded state matching the control,component,src/components/repurpose-workspace.tsx:432:onChange:1,Exercise onChange and verify its documented behavior,Expected state transition occurs once; rendered and persisted data retain the selected website provenance,trace+screenshot+network,0,none,e2e,NOT RUN,,
CTRL.CENSUS.0809,SF_PROD,owner_jose,Authenticated workspace; seeded state matching the control,component,src/components/repurpose-workspace.tsx:446:input:1,Exercise input and verify its documented behavior,Expected state transition occurs once; rendered and persisted data retain the selected website provenance,trace+screenshot+network,0,none,e2e,NOT RUN,,
CTRL.CENSUS.0810,SF_PROD,owner_jose,Authenticated workspace; seeded state matching the control,component,src/components/repurpose-workspace.tsx:451:onChange:1,Exercise onChange and verify its documented behavior,Expected state transition occurs once; rendered and persisted data retain the selected website provenance,trace+screenshot+network,0,none,e2e,NOT RUN,,
CTRL.CENSUS.0811,SF_PROD,owner_jose,Authenticated workspace; seeded state matching the control,component,src/components/repurpose-workspace.tsx:464:textarea:1,Exercise textarea and verify its documented behavior,Expected state transition occurs once; rendered and persisted data retain the selected website provenance,trace+screenshot+network,0,none,e2e,NOT RUN,,
CTRL.CENSUS.0812,SF_PROD,owner_jose,Authenticated workspace; seeded state matching the control,component,src/components/repurpose-workspace.tsx:468:onChange:1,Exercise onChange and verify its documented behavior,Expected state transition occurs once; rendered and persisted data retain the selected website provenance,trace+screenshot+network,0,none,e2e,NOT RUN,,
CTRL.CENSUS.0813,SF_PROD,owner_jose,Authenticated workspace; seeded state matching the control,component,src/components/repurpose-workspace.tsx:478:button:1,Exercise button and verify its documented behavior,Expected state transition occurs once; rendered and persisted data retain the selected website provenance,trace+screenshot+network,0,none,e2e,NOT RUN,,
CTRL.CENSUS.0814,SF_PROD,owner_jose,Authenticated workspace; seeded state matching the control,component,src/components/repurpose-workspace.tsx:482:button:1,Exercise button and verify its documented behavior,Expected state transition occurs once; rendered and persisted data retain the selected website provenance,trace+screenshot+network,0,none,e2e,NOT RUN,,
CTRL.CENSUS.0815,SF_PROD,owner_jose,Authenticated workspace; seeded state matching the control,component,src/components/repurpose-workspace.tsx:500:a:1,Exercise a and verify its documented behavior,Expected state transition occurs once; rendered and persisted data retain the selected website provenance,trace+screenshot+network,0,none,e2e,NOT RUN,,
CTRL.CENSUS.0816,SF_PROD,owner_jose,Authenticated workspace; seeded state matching the control,component,src/components/repurpose-workspace.tsx:505:button:1,Exercise button and verify its documented behavior,Expected state transition occurs once; rendered and persisted data retain the selected website provenance,trace+screenshot+network,0,none,e2e,NOT RUN,,
CTRL.CENSUS.0817,SF_PROD,owner_jose,Authenticated workspace; seeded state matching the control,component,src/components/repurpose-workspace.tsx:508:onClick:1,Exercise onClick and verify its documented behavior,Expected state transition occurs once; rendered and persisted data retain the selected website provenance,trace+screenshot+network,0,none,e2e,NOT RUN,,
CTRL.CENSUS.0818,SF_PROD,owner_jose,Authenticated workspace; seeded state matching the control,component,src/components/repurpose-workspace.tsx:528:onChange:1,Exercise onChange and verify its documented behavior,Expected state transition occurs once; rendered and persisted data retain the selected website provenance,trace+screenshot+network,0,none,e2e,NOT RUN,,
CTRL.CENSUS.0819,SF_PROD,owner_jose,Authenticated workspace; seeded state matching the control,component,src/components/repurpose-workspace.tsx:535:select:1,Exercise select and verify its documented behavior,Expected state transition occurs once; rendered and persisted data retain the selected website provenance,trace+screenshot+network,0,none,e2e,NOT RUN,,
CTRL.CENSUS.0820,SF_PROD,owner_jose,Authenticated workspace; seeded state matching the control,component,src/components/repurpose-workspace.tsx:538:onChange:1,Exercise onChange and verify its documented behavior,Expected state transition occurs once; rendered and persisted data retain the selected website provenance,trace+screenshot+network,0,none,e2e,NOT RUN,,
CTRL.CENSUS.0821,STG_DISPOSABLE,owner_jose,Authenticated workspace; seeded state matching the control,component,src/components/repurpose-workspace.tsx:560:button:1,Exercise button and verify its documented behavior,Expected state transition occurs once; rendered and persisted data retain the selected website provenance,trace+network+database+cleanup,2,Restore disposable fixture,integration+e2e,NOT RUN,,
CTRL.CENSUS.0822,STG_DISPOSABLE,owner_jose,Authenticated workspace; seeded state matching the control,component,src/components/repurpose-workspace.tsx:563:onClick:1,Exercise onClick and verify its documented behavior,Expected state transition occurs once; rendered and persisted data retain the selected website provenance,trace+network+database+cleanup,2,Restore disposable fixture,integration+e2e,NOT RUN,,
CTRL.CENSUS.0823,SF_PROD,owner_jose,Authenticated workspace; seeded state matching the control,component,src/components/repurpose-workspace.tsx:601:a:1,Exercise a and verify its documented behavior,Expected state transition occurs once; rendered and persisted data retain the selected website provenance,trace+screenshot+network,0,none,e2e,NOT RUN,,
CTRL.CENSUS.0824,SF_PROD,owner_jose,Authenticated workspace; seeded state matching the control,component,src/components/repurpose-workspace.tsx:609:input:1,Exercise input and verify its documented behavior,Expected state transition occurs once; rendered and persisted data retain the selected website provenance,trace+screenshot+network,0,none,e2e,NOT RUN,,
CTRL.CENSUS.0825,STG_DISPOSABLE,owner_jose,Authenticated workspace; seeded state matching the control,component,src/components/repurpose-workspace.tsx:613:onChange:1,Exercise onChange and verify its documented behavior,Expected state transition occurs once; rendered and persisted data retain the selected website provenance,trace+network+database+cleanup,1,Restore disposable fixture,integration+e2e,NOT RUN,,
CTRL.CENSUS.0826,SF_PROD,owner_jose,Authenticated workspace; seeded state matching the control,component,src/components/repurpose-workspace.tsx:622:textarea:1,Exercise textarea and verify its documented behavior,Expected state transition occurs once; rendered and persisted data retain the selected website provenance,trace+screenshot+network,0,none,e2e,NOT RUN,,
CTRL.CENSUS.0827,STG_DISPOSABLE,owner_jose,Authenticated workspace; seeded state matching the control,component,src/components/repurpose-workspace.tsx:625:onChange:1,Exercise onChange and verify its documented behavior,Expected state transition occurs once; rendered and persisted data retain the selected website provenance,trace+network+database+cleanup,1,Restore disposable fixture,integration+e2e,NOT RUN,,
CTRL.CENSUS.0828,SF_PROD,owner_jose,Authenticated workspace; seeded state matching the control,component,src/components/repurpose-workspace.tsx:633:button:1,Exercise button and verify its documented behavior,Expected state transition occurs once; rendered and persisted data retain the selected website provenance,trace+screenshot+network,0,none,e2e,NOT RUN,,
CTRL.CENSUS.0829,STG_DISPOSABLE,owner_jose,Authenticated workspace; seeded state matching the control,component,src/components/repurpose-workspace.tsx:636:onClick:1,Exercise onClick and verify its documented behavior,Expected state transition occurs once; rendered and persisted data retain the selected website provenance,trace+network+database+cleanup,1,Restore disposable fixture,integration+e2e,NOT RUN,,
CTRL.CENSUS.0830,SF_PROD,owner_jose,Authenticated workspace; seeded state matching the control,component,src/components/repurpose-workspace.tsx:641:button:1,Exercise button and verify its documented behavior,Expected state transition occurs once; rendered and persisted data retain the selected website provenance,trace+screenshot+network,0,none,e2e,NOT RUN,,
CTRL.CENSUS.0831,SF_PROD,owner_jose,Authenticated workspace; seeded state matching the control,component,src/components/repurpose-workspace.tsx:644:onClick:1,Exercise onClick and verify its documented behavior,Expected state transition occurs once; rendered and persisted data retain the selected website provenance,trace+screenshot+network,0,none,e2e,NOT RUN,,
CTRL.CENSUS.0832,SF_PROD,owner_jose,Authenticated workspace; seeded state matching the control,component,src/components/repurpose-workspace.tsx:679:button:1,Exercise button and verify its documented behavior,Expected state transition occurs once; rendered and persisted data retain the selected website provenance,trace+screenshot+network,0,none,e2e,NOT RUN,,
CTRL.CENSUS.0833,SF_PROD,owner_jose,Authenticated workspace; seeded state matching the control,component,src/components/repurpose-workspace.tsx:682:onClick:1,Exercise onClick and verify its documented behavior,Expected state transition occurs once; rendered and persisted data retain the selected website provenance,trace+screenshot+network,0,none,e2e,NOT RUN,,
CTRL.CENSUS.0834,SF_PROD,owner_jose,Authenticated workspace; seeded state matching the control,component,src/components/roadmap-experience.tsx:83:Link:1,Exercise Link and verify its documented behavior,Expected state transition occurs once; rendered and persisted data retain the selected website provenance,trace+screenshot+network,0,none,e2e,NOT RUN,,
CTRL.CENSUS.0835,STG_DISPOSABLE,owner_jose,Authenticated workspace; seeded state matching the control,component,src/components/roadmap-experience.tsx:120:Link:1,Exercise Link and verify its documented behavior,Expected state transition occurs once; rendered and persisted data retain the selected website provenance,trace+network+database+cleanup,1,Restore disposable fixture,integration+e2e,NOT RUN,,
CTRL.CENSUS.0836,STG_DISPOSABLE,owner_jose,Authenticated workspace; seeded state matching the control,component,src/components/roadmap-experience.tsx:129:Link:1,Exercise Link and verify its documented behavior,Expected state transition occurs once; rendered and persisted data retain the selected website provenance,trace+network+database+cleanup,1,Restore disposable fixture,integration+e2e,NOT RUN,,
CTRL.CENSUS.0837,STG_DISPOSABLE,owner_jose,Authenticated workspace; seeded state matching the control,component,src/components/roadmap-experience.tsx:140:summary:1,Exercise summary and verify its documented behavior,Expected state transition occurs once; rendered and persisted data retain the selected website provenance,trace+network+database+cleanup,1,Restore disposable fixture,integration+e2e,NOT RUN,,
CTRL.CENSUS.0838,SF_PROD,owner_jose,Authenticated workspace; seeded state matching the control,component,src/components/roadmap-experience.tsx:148:summary:1,Exercise summary and verify its documented behavior,Expected state transition occurs once; rendered and persisted data retain the selected website provenance,trace+screenshot+network,0,none,e2e,NOT RUN,,
CTRL.CENSUS.0839,STG_DISPOSABLE,owner_jose,Authenticated workspace; seeded state matching the control,component,src/components/webflow-integration-action.tsx:95:button:1,Exercise button and verify its documented behavior,Expected state transition occurs once; rendered and persisted data retain the selected website provenance,trace+network+database+cleanup,1,Restore disposable fixture,integration+e2e,NOT RUN,,
CTRL.CENSUS.0840,STG_DISPOSABLE,owner_jose,Authenticated workspace; seeded state matching the control,component,src/components/webflow-integration-action.tsx:95:onClick:2,Exercise onClick and verify its documented behavior,Expected state transition occurs once; rendered and persisted data retain the selected website provenance,trace+network+database+cleanup,1,Restore disposable fixture,integration+e2e,NOT RUN,,
CTRL.CENSUS.0841,STG_DISPOSABLE,owner_jose,Authenticated workspace; seeded state matching the control,component,src/components/webflow-integration-action.tsx:97:form:1,Exercise form and verify its documented behavior,Expected state transition occurs once; rendered and persisted data retain the selected website provenance,trace+network+database+cleanup,1,Restore disposable fixture,integration+e2e,NOT RUN,,
CTRL.CENSUS.0842,STG_DISPOSABLE,owner_jose,Authenticated workspace; seeded state matching the control,component,src/components/webflow-integration-action.tsx:97:onSubmit:2,Exercise onSubmit and verify its documented behavior,Expected state transition occurs once; rendered and persisted data retain the selected website provenance,trace+network+database+cleanup,1,Restore disposable fixture,integration+e2e,NOT RUN,,
CTRL.CENSUS.0843,STG_DISPOSABLE,owner_jose,Authenticated workspace; seeded state matching the control,component,src/components/webflow-integration-action.tsx:98:input:1,Exercise input and verify its documented behavior,Expected state transition occurs once; rendered and persisted data retain the selected website provenance,trace+network+database+cleanup,1,Restore disposable fixture,integration+e2e,NOT RUN,,
CTRL.CENSUS.0844,SF_PROD,owner_jose,Authenticated workspace; seeded state matching the control,component,src/components/webflow-integration-action.tsx:100:button:1,Exercise button and verify its documented behavior,Expected state transition occurs once; rendered and persisted data retain the selected website provenance,trace+screenshot+network,0,none,e2e,NOT RUN,,
CTRL.CENSUS.0845,STG_DISPOSABLE,owner_jose,Authenticated workspace; seeded state matching the control,component,src/components/webflow-integration-action.tsx:102:form:1,Exercise form and verify its documented behavior,Expected state transition occurs once; rendered and persisted data retain the selected website provenance,trace+network+database+cleanup,1,Restore disposable fixture,integration+e2e,NOT RUN,,
CTRL.CENSUS.0846,STG_DISPOSABLE,owner_jose,Authenticated workspace; seeded state matching the control,component,src/components/webflow-integration-action.tsx:102:onSubmit:2,Exercise onSubmit and verify its documented behavior,Expected state transition occurs once; rendered and persisted data retain the selected website provenance,trace+network+database+cleanup,1,Restore disposable fixture,integration+e2e,NOT RUN,,
CTRL.CENSUS.0847,SF_PROD,owner_jose,Authenticated workspace; seeded state matching the control,component,src/components/webflow-integration-action.tsx:106:input:1,Exercise input and verify its documented behavior,Expected state transition occurs once; rendered and persisted data retain the selected website provenance,trace+screenshot+network,0,none,e2e,NOT RUN,,
CTRL.CENSUS.0848,SF_PROD,owner_jose,Authenticated workspace; seeded state matching the control,component,src/components/webflow-integration-action.tsx:110:onChange:1,Exercise onChange and verify its documented behavior,Expected state transition occurs once; rendered and persisted data retain the selected website provenance,trace+screenshot+network,0,none,e2e,NOT RUN,,
CTRL.CENSUS.0849,SF_PROD,owner_jose,Authenticated workspace; seeded state matching the control,component,src/components/webflow-integration-action.tsx:117:select:1,Exercise select and verify its documented behavior,Expected state transition occurs once; rendered and persisted data retain the selected website provenance,trace+screenshot+network,0,none,e2e,NOT RUN,,
CTRL.CENSUS.0850,SF_PROD,owner_jose,Authenticated workspace; seeded state matching the control,component,src/components/webflow-integration-action.tsx:117:onChange:2,Exercise onChange and verify its documented behavior,Expected state transition occurs once; rendered and persisted data retain the selected website provenance,trace+screenshot+network,0,none,e2e,NOT RUN,,
CTRL.CENSUS.0851,STG_DISPOSABLE,owner_jose,Authenticated workspace; seeded state matching the control,component,src/components/webflow-integration-action.tsx:119:button:1,Exercise button and verify its documented behavior,Expected state transition occurs once; rendered and persisted data retain the selected website provenance,trace+network+database+cleanup,1,Restore disposable fixture,integration+e2e,NOT RUN,,
CTRL.CENSUS.0852,STG_DISPOSABLE,owner_jose,Authenticated workspace; seeded state matching the control,component,src/components/webflow-integration-action.tsx:120:button:1,Exercise button and verify its documented behavior,Expected state transition occurs once; rendered and persisted data retain the selected website provenance,trace+network+database+cleanup,1,Restore disposable fixture,integration+e2e,NOT RUN,,
CTRL.CENSUS.0853,STG_DISPOSABLE,owner_jose,Authenticated workspace; seeded state matching the control,component,src/components/webflow-integration-action.tsx:120:onClick:2,Exercise onClick and verify its documented behavior,Expected state transition occurs once; rendered and persisted data retain the selected website provenance,trace+network+database+cleanup,1,Restore disposable fixture,integration+e2e,NOT RUN,,
CTRL.CENSUS.0854,SF_PROD,owner_jose,Authenticated workspace; seeded state matching the control,component,src/components/website-profile-card.tsx:70:input:1,Exercise input and verify its documented behavior,Expected state transition occurs once; rendered and persisted data retain the selected website provenance,trace+screenshot+network,0,none,e2e,NOT RUN,,
CTRL.CENSUS.0855,SF_PROD,owner_jose,Authenticated workspace; seeded state matching the control,component,src/components/website-profile-card.tsx:73:onChange:1,Exercise onChange and verify its documented behavior,Expected state transition occurs once; rendered and persisted data retain the selected website provenance,trace+screenshot+network,0,none,e2e,NOT RUN,,
CTRL.CENSUS.0856,SF_PROD,owner_jose,Authenticated workspace; seeded state matching the control,component,src/components/website-profile-card.tsx:84:input:1,Exercise input and verify its documented behavior,Expected state transition occurs once; rendered and persisted data retain the selected website provenance,trace+screenshot+network,0,none,e2e,NOT RUN,,
CTRL.CENSUS.0857,STG_DISPOSABLE,owner_jose,Authenticated workspace; seeded state matching the control,component,src/components/website-profile-card.tsx:87:onChange:1,Exercise onChange and verify its documented behavior,Expected state transition occurs once; rendered and persisted data retain the selected website provenance,trace+network+database+cleanup,1,Restore disposable fixture,integration+e2e,NOT RUN,,
CTRL.CENSUS.0858,SF_PROD,owner_jose,Authenticated workspace; seeded state matching the control,component,src/components/website-profile-card.tsx:107:input:1,Exercise input and verify its documented behavior,Expected state transition occurs once; rendered and persisted data retain the selected website provenance,trace+screenshot+network,0,none,e2e,NOT RUN,,
CTRL.CENSUS.0859,SF_PROD,owner_jose,Authenticated workspace; seeded state matching the control,component,src/components/website-profile-card.tsx:107:onChange:2,Exercise onChange and verify its documented behavior,Expected state transition occurs once; rendered and persisted data retain the selected website provenance,trace+screenshot+network,0,none,e2e,NOT RUN,,
CTRL.CENSUS.0860,STG_DISPOSABLE,owner_jose,Authenticated workspace; seeded state matching the control,component,src/components/website-profile-card.tsx:116:button:1,Exercise button and verify its documented behavior,Expected state transition occurs once; rendered and persisted data retain the selected website provenance,trace+network+database+cleanup,1,Restore disposable fixture,integration+e2e,NOT RUN,,
CTRL.CENSUS.0861,STG_DISPOSABLE,owner_jose,Authenticated workspace; seeded state matching the control,component,src/components/website-profile-card.tsx:116:onClick:2,Exercise onClick and verify its documented behavior,Expected state transition occurs once; rendered and persisted data retain the selected website provenance,trace+network+database+cleanup,1,Restore disposable fixture,integration+e2e,NOT RUN,,
CTRL.CENSUS.0862,STG_DISPOSABLE,owner_jose,Authenticated workspace; seeded state matching the control,component,src/components/weekly-focus.tsx:38:Link:1,Exercise Link and verify its documented behavior,Expected state transition occurs once; rendered and persisted data retain the selected website provenance,trace+network+database+cleanup,1,Restore disposable fixture,integration+e2e,NOT RUN,,
CTRL.CENSUS.0863,STG_DISPOSABLE,owner_jose,Authenticated workspace; seeded state matching the control,component,src/components/weekly-focus.tsx:39:Link:1,Exercise Link and verify its documented behavior,Expected state transition occurs once; rendered and persisted data retain the selected website provenance,trace+network+database+cleanup,1,Restore disposable fixture,integration+e2e,NOT RUN,,
CTRL.CENSUS.0864,SF_PROD,owner_jose,Authenticated workspace; seeded state matching the control,component,src/components/weekly-focus.tsx:52:Link:1,Exercise Link and verify its documented behavior,Expected state transition occurs once; rendered and persisted data retain the selected website provenance,trace+screenshot+network,0,none,e2e,NOT RUN,,
CTRL.CENSUS.0865,SF_PROD,owner_jose,Authenticated workspace; seeded state matching the control,component,src/components/weekly-focus.tsx:52:a:2,Exercise a and verify its documented behavior,Expected state transition occurs once; rendered and persisted data retain the selected website provenance,trace+screenshot+network,0,none,e2e,NOT RUN,,
CTRL.CENSUS.0866,STG_DISPOSABLE,owner_jose,Authenticated workspace; seeded state matching the control,component,src/components/weekly-loop.tsx:120:button:1,Exercise button and verify its documented behavior,Expected state transition occurs once; rendered and persisted data retain the selected website provenance,trace+network+database+cleanup,1,Restore disposable fixture,integration+e2e,NOT RUN,,
CTRL.CENSUS.0867,STG_DISPOSABLE,owner_jose,Authenticated workspace; seeded state matching the control,component,src/components/weekly-loop.tsx:120:onClick:2,Exercise onClick and verify its documented behavior,Expected state transition occurs once; rendered and persisted data retain the selected website provenance,trace+network+database+cleanup,1,Restore disposable fixture,integration+e2e,NOT RUN,,
CTRL.CENSUS.0868,SF_PROD,owner_jose,Authenticated workspace; seeded state matching the control,component,src/components/weekly-loop.tsx:125:button:1,Exercise button and verify its documented behavior,Expected state transition occurs once; rendered and persisted data retain the selected website provenance,trace+screenshot+network,0,none,e2e,NOT RUN,,
CTRL.CENSUS.0869,SF_PROD,owner_jose,Authenticated workspace; seeded state matching the control,component,src/components/weekly-loop.tsx:125:onClick:2,Exercise onClick and verify its documented behavior,Expected state transition occurs once; rendered and persisted data retain the selected website provenance,trace+screenshot+network,0,none,e2e,NOT RUN,,
CTRL.CENSUS.0870,SF_PROD,owner_jose,Authenticated workspace; seeded state matching the control,component,src/components/weekly-loop.tsx:139:button:1,Exercise button and verify its documented behavior,Expected state transition occurs once; rendered and persisted data retain the selected website provenance,trace+screenshot+network,0,none,e2e,NOT RUN,,
CTRL.CENSUS.0871,SF_PROD,owner_jose,Authenticated workspace; seeded state matching the control,component,src/components/weekly-loop.tsx:139:onClick:2,Exercise onClick and verify its documented behavior,Expected state transition occurs once; rendered and persisted data retain the selected website provenance,trace+screenshot+network,0,none,e2e,NOT RUN,,
CTRL.CENSUS.0872,SF_PROD,owner_jose,Authenticated workspace; seeded state matching the control,component,src/components/weekly-loop.tsx:172:button:1,Exercise button and verify its documented behavior,Expected state transition occurs once; rendered and persisted data retain the selected website provenance,trace+screenshot+network,0,none,e2e,NOT RUN,,
CTRL.CENSUS.0873,SF_PROD,owner_jose,Authenticated workspace; seeded state matching the control,component,src/components/weekly-loop.tsx:172:onClick:2,Exercise onClick and verify its documented behavior,Expected state transition occurs once; rendered and persisted data retain the selected website provenance,trace+screenshot+network,0,none,e2e,NOT RUN,,
CTRL.CENSUS.0874,SF_PROD,owner_jose,Authenticated workspace; seeded state matching the control,component,src/components/weekly-loop.tsx:176:button:1,Exercise button and verify its documented behavior,Expected state transition occurs once; rendered and persisted data retain the selected website provenance,trace+screenshot+network,0,none,e2e,NOT RUN,,
CTRL.CENSUS.0875,SF_PROD,owner_jose,Authenticated workspace; seeded state matching the control,component,src/components/weekly-loop.tsx:176:onClick:2,Exercise onClick and verify its documented behavior,Expected state transition occurs once; rendered and persisted data retain the selected website provenance,trace+screenshot+network,0,none,e2e,NOT RUN,,
CTRL.CENSUS.0876,STG_DISPOSABLE,owner_jose,Authenticated workspace; seeded state matching the control,component,src/components/weekly-loop.tsx:182:button:1,Exercise button and verify its documented behavior,Expected state transition occurs once; rendered and persisted data retain the selected website provenance,trace+network+database+cleanup,2,Restore disposable fixture,integration+e2e,NOT RUN,,
CTRL.CENSUS.0877,STG_DISPOSABLE,owner_jose,Authenticated workspace; seeded state matching the control,component,src/components/weekly-loop.tsx:182:onClick:2,Exercise onClick and verify its documented behavior,Expected state transition occurs once; rendered and persisted data retain the selected website provenance,trace+network+database+cleanup,2,Restore disposable fixture,integration+e2e,NOT RUN,,
CTRL.CENSUS.0878,STG_DISPOSABLE,owner_jose,Authenticated workspace; seeded state matching the control,component,src/components/weekly-task-list.tsx:104:summary:1,Exercise summary and verify its documented behavior,Expected state transition occurs once; rendered and persisted data retain the selected website provenance,trace+network+database+cleanup,1,Restore disposable fixture,integration+e2e,NOT RUN,,
CTRL.CENSUS.0879,STG_DISPOSABLE,owner_jose,Authenticated workspace; seeded state matching the control,component,src/components/weekly-task-list.tsx:106:Link:1,Exercise Link and verify its documented behavior,Expected state transition occurs once; rendered and persisted data retain the selected website provenance,trace+network+database+cleanup,1,Restore disposable fixture,integration+e2e,NOT RUN,,
CTRL.CENSUS.0880,STG_DISPOSABLE,owner_jose,Authenticated workspace; seeded state matching the control,component,src/components/weekly-task-list.tsx:107:button:1,Exercise button and verify its documented behavior,Expected state transition occurs once; rendered and persisted data retain the selected website provenance,trace+network+database+cleanup,1,Restore disposable fixture,integration+e2e,NOT RUN,,
CTRL.CENSUS.0881,STG_DISPOSABLE,owner_jose,Authenticated workspace; seeded state matching the control,component,src/components/weekly-task-list.tsx:107:onClick:2,Exercise onClick and verify its documented behavior,Expected state transition occurs once; rendered and persisted data retain the selected website provenance,trace+network+database+cleanup,1,Restore disposable fixture,integration+e2e,NOT RUN,,
CTRL.CENSUS.0882,STG_DISPOSABLE,owner_jose,Authenticated workspace; seeded state matching the control,component,src/components/weekly-task-list.tsx:108:a:1,Exercise a and verify its documented behavior,Expected state transition occurs once; rendered and persisted data retain the selected website provenance,trace+network+database+cleanup,1,Restore disposable fixture,integration+e2e,NOT RUN,,
CTRL.CENSUS.0883,STG_DISPOSABLE,owner_jose,Authenticated workspace; seeded state matching the control,component,src/components/weekly-task-list.tsx:109:button:1,Exercise button and verify its documented behavior,Expected state transition occurs once; rendered and persisted data retain the selected website provenance,trace+network+database+cleanup,1,Restore disposable fixture,integration+e2e,NOT RUN,,
CTRL.CENSUS.0884,STG_DISPOSABLE,owner_jose,Authenticated workspace; seeded state matching the control,component,src/components/weekly-task-list.tsx:109:onClick:2,Exercise onClick and verify its documented behavior,Expected state transition occurs once; rendered and persisted data retain the selected website provenance,trace+network+database+cleanup,1,Restore disposable fixture,integration+e2e,NOT RUN,,
CTRL.CENSUS.0885,STG_DISPOSABLE,owner_jose,Authenticated workspace; seeded state matching the control,component,src/components/weekly-task-list.tsx:110:button:1,Exercise button and verify its documented behavior,Expected state transition occurs once; rendered and persisted data retain the selected website provenance,trace+network+database+cleanup,1,Restore disposable fixture,integration+e2e,NOT RUN,,
CTRL.CENSUS.0886,STG_DISPOSABLE,owner_jose,Authenticated workspace; seeded state matching the control,component,src/components/weekly-task-list.tsx:110:onClick:2,Exercise onClick and verify its documented behavior,Expected state transition occurs once; rendered and persisted data retain the selected website provenance,trace+network+database+cleanup,1,Restore disposable fixture,integration+e2e,NOT RUN,,
CTRL.CENSUS.0887,STG_DISPOSABLE,owner_jose,Authenticated workspace; seeded state matching the control,component,src/components/weekly-task-list.tsx:111:button:1,Exercise button and verify its documented behavior,Expected state transition occurs once; rendered and persisted data retain the selected website provenance,trace+network+database+cleanup,1,Restore disposable fixture,integration+e2e,NOT RUN,,
CTRL.CENSUS.0888,STG_DISPOSABLE,owner_jose,Authenticated workspace; seeded state matching the control,component,src/components/weekly-task-list.tsx:111:onClick:2,Exercise onClick and verify its documented behavior,Expected state transition occurs once; rendered and persisted data retain the selected website provenance,trace+network+database+cleanup,1,Restore disposable fixture,integration+e2e,NOT RUN,,
CTRL.CENSUS.0889,STG_DISPOSABLE,owner_jose,Authenticated workspace; seeded state matching the control,component,src/components/weekly-task-list.tsx:116:Link:1,Exercise Link and verify its documented behavior,Expected state transition occurs once; rendered and persisted data retain the selected website provenance,trace+network+database+cleanup,1,Restore disposable fixture,integration+e2e,NOT RUN,,
CTRL.CENSUS.0890,STG_DISPOSABLE,owner_jose,Authenticated workspace; seeded state matching the control,component,src/components/wordpress-integration-action.tsx:37:button:1,Exercise button and verify its documented behavior,Expected state transition occurs once; rendered and persisted data retain the selected website provenance,trace+network+database+cleanup,1,Restore disposable fixture,integration+e2e,NOT RUN,,
CTRL.CENSUS.0891,STG_DISPOSABLE,owner_jose,Authenticated workspace; seeded state matching the control,component,src/components/wordpress-integration-action.tsx:37:onClick:2,Exercise onClick and verify its documented behavior,Expected state transition occurs once; rendered and persisted data retain the selected website provenance,trace+network+database+cleanup,1,Restore disposable fixture,integration+e2e,NOT RUN,,
CTRL.CENSUS.0892,STG_DISPOSABLE,owner_jose,Authenticated workspace; seeded state matching the control,component,src/components/wordpress-integration-action.tsx:39:form:1,Exercise form and verify its documented behavior,Expected state transition occurs once; rendered and persisted data retain the selected website provenance,trace+network+database+cleanup,1,Restore disposable fixture,integration+e2e,NOT RUN,,
CTRL.CENSUS.0893,STG_DISPOSABLE,owner_jose,Authenticated workspace; seeded state matching the control,component,src/components/wordpress-integration-action.tsx:39:onSubmit:2,Exercise onSubmit and verify its documented behavior,Expected state transition occurs once; rendered and persisted data retain the selected website provenance,trace+network+database+cleanup,1,Restore disposable fixture,integration+e2e,NOT RUN,,
CTRL.CENSUS.0894,STG_DISPOSABLE,owner_jose,Authenticated workspace; seeded state matching the control,component,src/components/wordpress-integration-action.tsx:40:input:1,Exercise input and verify its documented behavior,Expected state transition occurs once; rendered and persisted data retain the selected website provenance,trace+network+database+cleanup,1,Restore disposable fixture,integration+e2e,NOT RUN,,
CTRL.CENSUS.0895,STG_DISPOSABLE,owner_jose,Authenticated workspace; seeded state matching the control,component,src/components/wordpress-integration-action.tsx:41:input:1,Exercise input and verify its documented behavior,Expected state transition occurs once; rendered and persisted data retain the selected website provenance,trace+network+database+cleanup,1,Restore disposable fixture,integration+e2e,NOT RUN,,
CTRL.CENSUS.0896,STG_DISPOSABLE,owner_jose,Authenticated workspace; seeded state matching the control,component,src/components/wordpress-integration-action.tsx:42:input:1,Exercise input and verify its documented behavior,Expected state transition occurs once; rendered and persisted data retain the selected website provenance,trace+network+database+cleanup,1,Restore disposable fixture,integration+e2e,NOT RUN,,
CTRL.CENSUS.0897,STG_DISPOSABLE,owner_jose,Authenticated workspace; seeded state matching the control,component,src/components/wordpress-integration-action.tsx:44:button:1,Exercise button and verify its documented behavior,Expected state transition occurs once; rendered and persisted data retain the selected website provenance,trace+network+database+cleanup,1,Restore disposable fixture,integration+e2e,NOT RUN,,
CTRL.CENSUS.0898,SF_PROD,owner_jose,Authenticated workspace; seeded state matching the control,component,src/components/workspace-empty.tsx:9:Link:1,Exercise Link and verify its documented behavior,Expected state transition occurs once; rendered and persisted data retain the selected website provenance,trace+screenshot+network,0,none,e2e,NOT RUN,,
CTRL.CENSUS.0899,SF_PROD,owner_jose,Authenticated workspace; seeded state matching the control,component,src/components/workspace-link.tsx:19:Link:1,Exercise Link and verify its documented behavior,Expected state transition occurs once; rendered and persisted data retain the selected website provenance,trace+screenshot+network,0,none,e2e,NOT RUN,,
CTRL.CENSUS.0900,SF_PROD,owner_jose,Authenticated workspace; seeded state matching the control,component,src/components/workspace-notifications.tsx:81:button:1,Exercise button and verify its documented behavior,Expected state transition occurs once; rendered and persisted data retain the selected website provenance,trace+screenshot+network,0,none,e2e,NOT RUN,,
CTRL.CENSUS.0901,SF_PROD,owner_jose,Authenticated workspace; seeded state matching the control,component,src/components/workspace-notifications.tsx:81:onClick:2,Exercise onClick and verify its documented behavior,Expected state transition occurs once; rendered and persisted data retain the selected website provenance,trace+screenshot+network,0,none,e2e,NOT RUN,,
CTRL.CENSUS.0902,STG_DISPOSABLE,owner_jose,Authenticated workspace; seeded state matching the control,component,src/components/workspace-notifications.tsx:89:button:1,Exercise button and verify its documented behavior,Expected state transition occurs once; rendered and persisted data retain the selected website provenance,trace+network+database+cleanup,1,Restore disposable fixture,integration+e2e,NOT RUN,,
CTRL.CENSUS.0903,STG_DISPOSABLE,owner_jose,Authenticated workspace; seeded state matching the control,component,src/components/workspace-notifications.tsx:89:onClick:2,Exercise onClick and verify its documented behavior,Expected state transition occurs once; rendered and persisted data retain the selected website provenance,trace+network+database+cleanup,1,Restore disposable fixture,integration+e2e,NOT RUN,,
CTRL.CENSUS.0904,STG_DISPOSABLE,owner_jose,Authenticated workspace; seeded state matching the control,component,src/components/workspace-notifications.tsx:90:button:1,Exercise button and verify its documented behavior,Expected state transition occurs once; rendered and persisted data retain the selected website provenance,trace+network+database+cleanup,1,Restore disposable fixture,integration+e2e,NOT RUN,,
CTRL.CENSUS.0905,STG_DISPOSABLE,owner_jose,Authenticated workspace; seeded state matching the control,component,src/components/workspace-notifications.tsx:90:onClick:2,Exercise onClick and verify its documented behavior,Expected state transition occurs once; rendered and persisted data retain the selected website provenance,trace+network+database+cleanup,1,Restore disposable fixture,integration+e2e,NOT RUN,,
